Date;heat_demand
2024-01-01 00:00;18.739
2024-01-01 01:00;19.113
2024-01-01 02:00;19.367
2024-01-01 03:00;19.546
2024-01-01 04:00;19.609
2024-01-01 05:00;20.031
2024-01-01 06:00;20.517
2024-01-01 07:00;20.818
2024-01-01 08:00;20.703
2024-01-01 09:00;20.807
2024-01-01 10:00;21.078
2024-01-01 11:00;21.464
2024-01-01 12:00;21.612
2024-01-01 13:00;21.726
2024-01-01 14:00;21.917
2024-01-01 15:00;21.798
2024-01-01 16:00;21.528
2024-01-01 17:00;21.108
2024-01-01 18:00;21.110
2024-01-01 19:00;21.215
2024-01-01 20:00;21.194
2024-01-01 21:00;21.230
2024-01-01 22:00;21.245
2024-01-01 23:00;20.867
2024-01-02 00:00;20.866
2024-01-02 01:00;20.989
2024-01-02 02:00;21.166
2024-01-02 03:00;21.452
2024-01-02 04:00;21.677
2024-01-02 05:00;21.941
2024-01-02 06:00;22.272
2024-01-02 07:00;22.342
2024-01-02 08:00;22.485
2024-01-02 09:00;22.735
2024-01-02 10:00;23.004
2024-01-02 11:00;23.281
2024-01-02 12:00;23.285
2024-01-02 13:00;23.314
2024-01-02 14:00;23.411
2024-01-02 15:00;23.284
2024-01-02 16:00;23.307
2024-01-02 17:00;23.222
2024-01-02 18:00;23.093
2024-01-02 19:00;23.068
2024-01-02 20:00;22.866
2024-01-02 21:00;22.736
2024-01-02 22:00;22.375
2024-01-02 23:00;21.940
2024-01-03 00:00;21.528
2024-01-03 01:00;21.523
2024-01-03 02:00;21.678
2024-01-03 03:00;21.882
2024-01-03 04:00;22.218
2024-01-03 05:00;22.408
2024-01-03 06:00;22.689
2024-01-03 07:00;22.721
2024-01-03 08:00;22.519
2024-01-03 09:00;22.668
2024-01-03 10:00;22.868
2024-01-03 11:00;22.766
2024-01-03 12:00;22.838
2024-01-03 13:00;23.085
2024-01-03 14:00;23.098
2024-01-03 15:00;23.518
2024-01-03 16:00;23.870
2024-01-03 17:00;23.949
2024-01-03 18:00;23.844
2024-01-03 19:00;23.810
2024-01-03 20:00;23.946
2024-01-03 21:00;23.963
2024-01-03 22:00;23.725
2024-01-03 23:00;23.912
2024-01-04 00:00;24.122
2024-01-04 01:00;24.313
2024-01-04 02:00;24.811
2024-01-04 03:00;25.339
2024-01-04 04:00;25.685
2024-01-04 05:00;25.714
2024-01-04 06:00;25.920
2024-01-04 07:00;26.377
2024-01-04 08:00;26.774
2024-01-04 09:00;27.078
2024-01-04 10:00;27.199
2024-01-04 11:00;27.294
2024-01-04 12:00;27.477
2024-01-04 13:00;27.551
2024-01-04 14:00;27.680
2024-01-04 15:00;27.702
2024-01-04 16:00;27.624
2024-01-04 17:00;27.719
2024-01-04 18:00;27.724
2024-01-04 19:00;27.531
2024-01-04 20:00;27.335
2024-01-04 21:00;27.100
2024-01-04 22:00;26.786
2024-01-04 23:00;26.770
2024-01-05 00:00;26.622
2024-01-05 01:00;26.567
2024-01-05 02:00;26.427
2024-01-05 03:00;26.517
2024-01-05 04:00;26.899
2024-01-05 05:00;26.951
2024-01-05 06:00;27.226
2024-01-05 07:00;27.401
2024-01-05 08:00;27.657
2024-01-05 09:00;27.765
2024-01-05 10:00;27.675
2024-01-05 11:00;27.142
2024-01-05 12:00;26.970
2024-01-05 13:00;27.135
2024-01-05 14:00;27.389
2024-01-05 15:00;27.353
2024-01-05 16:00;27.189
2024-01-05 17:00;26.900
2024-01-05 18:00;26.641
2024-01-05 19:00;26.331
2024-01-05 20:00;26.104
2024-01-05 21:00;25.673
2024-01-05 22:00;25.363
2024-01-05 23:00;25.136
2024-01-06 00:00;24.734
2024-01-06 01:00;24.905
2024-01-06 02:00;24.619
2024-01-06 03:00;24.418
2024-01-06 04:00;24.536
2024-01-06 05:00;24.924
2024-01-06 06:00;25.173
2024-01-06 07:00;25.459
2024-01-06 08:00;25.578
2024-01-06 09:00;25.768
2024-01-06 10:00;25.879
2024-01-06 11:00;25.934
2024-01-06 12:00;26.065
2024-01-06 13:00;26.094
2024-01-06 14:00;26.124
2024-01-06 15:00;26.113
2024-01-06 16:00;26.158
2024-01-06 17:00;26.343
2024-01-06 18:00;26.403
2024-01-06 19:00;26.338
2024-01-06 20:00;26.143
2024-01-06 21:00;25.775
2024-01-06 22:00;25.395
2024-01-06 23:00;25.498
2024-01-07 00:00;25.454
2024-01-07 01:00;25.589
2024-01-07 02:00;25.732
2024-01-07 03:00;25.779
2024-01-07 04:00;25.683
2024-01-07 05:00;25.854
2024-01-07 06:00;26.215
2024-01-07 07:00;26.354
2024-01-07 08:00;26.676
2024-01-07 09:00;27.013
2024-01-07 10:00;26.996
2024-01-07 11:00;26.871
2024-01-07 12:00;26.965
2024-01-07 13:00;26.973
2024-01-07 14:00;27.027
2024-01-07 15:00;27.256
2024-01-07 16:00;27.484
2024-01-07 17:00;27.502
2024-01-07 18:00;27.494
2024-01-07 19:00;27.410
2024-01-07 20:00;27.413
2024-01-07 21:00;27.148
2024-01-07 22:00;26.704
2024-01-07 23:00;26.593
2024-01-08 00:00;26.978
2024-01-08 01:00;27.243
2024-01-08 02:00;27.769
2024-01-08 03:00;27.876
2024-01-08 04:00;27.719
2024-01-08 05:00;27.937
2024-01-08 06:00;27.990
2024-01-08 07:00;28.325
2024-01-08 08:00;28.433
2024-01-08 09:00;28.511
2024-01-08 10:00;28.757
2024-01-08 11:00;28.874
2024-01-08 12:00;28.786
2024-01-08 13:00;28.675
2024-01-08 14:00;28.534
2024-01-08 15:00;28.507
2024-01-08 16:00;28.737
2024-01-08 17:00;28.908
2024-01-08 18:00;29.070
2024-01-08 19:00;29.113
2024-01-08 20:00;29.047
2024-01-08 21:00;28.863
2024-01-08 22:00;28.577
2024-01-08 23:00;28.419
2024-01-09 00:00;28.231
2024-01-09 01:00;28.250
2024-01-09 02:00;28.363
2024-01-09 03:00;28.783
2024-01-09 04:00;29.042
2024-01-09 05:00;29.277
2024-01-09 06:00;29.652
2024-01-09 07:00;29.909
2024-01-09 08:00;29.961
2024-01-09 09:00;29.667
2024-01-09 10:00;29.231
2024-01-09 11:00;29.142
2024-01-09 12:00;29.075
2024-01-09 13:00;28.820
2024-01-09 14:00;28.583
2024-01-09 15:00;28.650
2024-01-09 16:00;28.680
2024-01-09 17:00;28.579
2024-01-09 18:00;27.171
2024-01-09 19:00;27.099
2024-01-09 20:00;26.895
2024-01-09 21:00;26.582
2024-01-09 22:00;26.045
2024-01-09 23:00;25.652
2024-01-10 00:00;25.267
2024-01-10 01:00;25.008
2024-01-10 02:00;24.927
2024-01-10 03:00;24.908
2024-01-10 04:00;25.264
2024-01-10 05:00;25.283
2024-01-10 06:00;25.331
2024-01-10 07:00;25.565
2024-01-10 08:00;25.530
2024-01-10 09:00;25.436
2024-01-10 10:00;25.164
2024-01-10 11:00;25.311
2024-01-10 12:00;25.343
2024-01-10 13:00;25.292
2024-01-10 14:00;25.352
2024-01-10 15:00;25.503
2024-01-10 16:00;25.520
2024-01-10 17:00;25.363
2024-01-10 18:00;25.387
2024-01-10 19:00;25.025
2024-01-10 20:00;24.580
2024-01-10 21:00;24.418
2024-01-10 22:00;24.189
2024-01-10 23:00;23.923
2024-01-11 00:00;23.527
2024-01-11 01:00;23.369
2024-01-11 02:00;23.389
2024-01-11 03:00;23.361
2024-01-11 04:00;23.164
2024-01-11 05:00;23.512
2024-01-11 06:00;23.801
2024-01-11 07:00;23.741
2024-01-11 08:00;23.754
2024-01-11 09:00;23.725
2024-01-11 10:00;22.703
2024-01-11 11:00;22.634
2024-01-11 12:00;23.150
2024-01-11 13:00;23.695
2024-01-11 14:00;23.871
2024-01-11 15:00;23.498
2024-01-11 16:00;23.522
2024-01-11 17:00;23.768
2024-01-11 18:00;23.510
2024-01-11 19:00;23.346
2024-01-11 20:00;23.209
2024-01-11 21:00;22.987
2024-01-11 22:00;22.591
2024-01-11 23:00;22.399
2024-01-12 00:00;22.417
2024-01-12 01:00;22.520
2024-01-12 02:00;22.576
2024-01-12 03:00;22.499
2024-01-12 04:00;22.494
2024-01-12 05:00;22.784
2024-01-12 06:00;22.793
2024-01-12 07:00;22.883
2024-01-12 08:00;22.820
2024-01-12 09:00;22.416
2024-01-12 10:00;22.337
2024-01-12 11:00;22.160
2024-01-12 12:00;21.858
2024-01-12 13:00;21.760
2024-01-12 14:00;21.874
2024-01-12 15:00;22.168
2024-01-12 16:00;22.211
2024-01-12 17:00;21.847
2024-01-12 18:00;21.239
2024-01-12 19:00;20.997
2024-01-12 20:00;20.882
2024-01-12 21:00;20.678
2024-01-12 22:00;20.273
2024-01-12 23:00;20.087
2024-01-13 00:00;19.755
2024-01-13 01:00;19.875
2024-01-13 02:00;19.884
2024-01-13 03:00;20.102
2024-01-13 04:00;20.436
2024-01-13 05:00;20.710
2024-01-13 06:00;20.881
2024-01-13 07:00;21.184
2024-01-13 08:00;21.457
2024-01-13 09:00;21.830
2024-01-13 10:00;22.094
2024-01-13 11:00;22.203
2024-01-13 12:00;22.552
2024-01-13 13:00;22.750
2024-01-13 14:00;22.845
2024-01-13 15:00;23.100
2024-01-13 16:00;23.512
2024-01-13 17:00;23.877
2024-01-13 18:00;23.711
2024-01-13 19:00;23.889
2024-01-13 20:00;23.935
2024-01-13 21:00;24.027
2024-01-13 22:00;24.167
2024-01-13 23:00;24.201
2024-01-14 00:00;24.057
2024-01-14 01:00;23.824
2024-01-14 02:00;23.707
2024-01-14 03:00;23.804
2024-01-14 04:00;24.216
2024-01-14 05:00;24.334
2024-01-14 06:00;24.616
2024-01-14 07:00;24.777
2024-01-14 08:00;24.832
2024-01-14 09:00;24.984
2024-01-14 10:00;25.097
2024-01-14 11:00;25.036
2024-01-14 12:00;24.834
2024-01-14 13:00;24.691
2024-01-14 14:00;24.950
2024-01-14 15:00;25.395
2024-01-14 16:00;25.501
2024-01-14 17:00;25.249
2024-01-14 18:00;25.285
2024-01-14 19:00;25.110
2024-01-14 20:00;25.185
2024-01-14 21:00;25.136
2024-01-14 22:00;25.097
2024-01-14 23:00;25.106
2024-01-15 00:00;25.513
2024-01-15 01:00;25.187
2024-01-15 02:00;25.348
2024-01-15 03:00;25.445
2024-01-15 04:00;25.824
2024-01-15 05:00;26.557
2024-01-15 06:00;27.066
2024-01-15 07:00;27.263
2024-01-15 08:00;27.235
2024-01-15 09:00;27.409
2024-01-15 10:00;27.595
2024-01-15 11:00;27.525
2024-01-15 12:00;27.339
2024-01-15 13:00;27.467
2024-01-15 14:00;27.977
2024-01-15 15:00;28.409
2024-01-15 16:00;28.540
2024-01-15 17:00;28.448
2024-01-15 18:00;28.508
2024-01-15 19:00;28.483
2024-01-15 20:00;28.345
2024-01-15 21:00;27.982
2024-01-15 22:00;27.916
2024-01-15 23:00;27.887
2024-01-16 00:00;27.818
2024-01-16 01:00;28.215
2024-01-16 02:00;28.220
2024-01-16 03:00;28.419
2024-01-16 04:00;28.873
2024-01-16 05:00;29.039
2024-01-16 06:00;29.096
2024-01-16 07:00;29.193
2024-01-16 08:00;29.271
2024-01-16 09:00;29.675
2024-01-16 10:00;29.827
2024-01-16 11:00;29.807
2024-01-16 12:00;29.467
2024-01-16 13:00;29.315
2024-01-16 14:00;29.110
2024-01-16 15:00;28.572
2024-01-16 16:00;29.339
2024-01-16 17:00;29.541
2024-01-16 18:00;29.550
2024-01-16 19:00;29.086
2024-01-16 20:00;28.937
2024-01-16 21:00;28.435
2024-01-16 22:00;28.250
2024-01-16 23:00;28.159
2024-01-17 00:00;28.139
2024-01-17 01:00;27.911
2024-01-17 02:00;28.049
2024-01-17 03:00;28.317
2024-01-17 04:00;28.647
2024-01-17 05:00;28.884
2024-01-17 06:00;28.891
2024-01-17 07:00;29.043
2024-01-17 08:00;29.009
2024-01-17 09:00;29.182
2024-01-17 10:00;29.316
2024-01-17 11:00;29.131
2024-01-17 12:00;28.716
2024-01-17 13:00;28.855
2024-01-17 14:00;29.186
2024-01-17 15:00;29.387
2024-01-17 16:00;29.382
2024-01-17 17:00;29.228
2024-01-17 18:00;29.125
2024-01-17 19:00;28.874
2024-01-17 20:00;28.738
2024-01-17 21:00;28.334
2024-01-17 22:00;28.057
2024-01-17 23:00;27.789
2024-01-18 00:00;27.796
2024-01-18 01:00;28.129
2024-01-18 02:00;28.352
2024-01-18 03:00;28.663
2024-01-18 04:00;28.807
2024-01-18 05:00;28.906
2024-01-18 06:00;29.059
2024-01-18 07:00;29.250
2024-01-18 08:00;29.253
2024-01-18 09:00;29.373
2024-01-18 10:00;29.222
2024-01-18 11:00;28.663
2024-01-18 12:00;28.295
2024-01-18 13:00;28.269
2024-01-18 14:00;28.616
2024-01-18 15:00;29.025
2024-01-18 16:00;28.978
2024-01-18 17:00;28.900
2024-01-18 18:00;28.908
2024-01-18 19:00;28.912
2024-01-18 20:00;28.810
2024-01-18 21:00;28.311
2024-01-18 22:00;27.603
2024-01-18 23:00;27.334
2024-01-19 00:00;27.150
2024-01-19 01:00;27.321
2024-01-19 02:00;27.569
2024-01-19 03:00;27.692
2024-01-19 04:00;27.763
2024-01-19 05:00;27.960
2024-01-19 06:00;28.354
2024-01-19 07:00;28.418
2024-01-19 08:00;28.258
2024-01-19 09:00;27.971
2024-01-19 10:00;27.554
2024-01-19 11:00;27.339
2024-01-19 12:00;27.436
2024-01-19 13:00;27.506
2024-01-19 14:00;27.575
2024-01-19 15:00;27.871
2024-01-19 16:00;27.689
2024-01-19 17:00;27.541
2024-01-19 18:00;27.417
2024-01-19 19:00;27.079
2024-01-19 20:00;26.681
2024-01-19 21:00;25.972
2024-01-19 22:00;25.383
2024-01-19 23:00;25.403
2024-01-20 00:00;24.851
2024-01-20 01:00;24.784
2024-01-20 02:00;24.703
2024-01-20 03:00;24.809
2024-01-20 04:00;25.058
2024-01-20 05:00;25.189
2024-01-20 06:00;25.223
2024-01-20 07:00;25.012
2024-01-20 08:00;25.088
2024-01-20 09:00;25.274
2024-01-20 10:00;25.292
2024-01-20 11:00;25.067
2024-01-20 12:00;24.885
2024-01-20 13:00;24.936
2024-01-20 14:00;25.234
2024-01-20 15:00;25.767
2024-01-20 16:00;25.995
2024-01-20 17:00;25.669
2024-01-20 18:00;25.419
2024-01-20 19:00;25.205
2024-01-20 20:00;25.236
2024-01-20 21:00;24.923
2024-01-20 22:00;25.016
2024-01-20 23:00;24.995
2024-01-21 00:00;24.906
2024-01-21 01:00;24.853
2024-01-21 02:00;25.033
2024-01-21 03:00;25.136
2024-01-21 04:00;25.315
2024-01-21 05:00;25.422
2024-01-21 06:00;25.646
2024-01-21 07:00;25.798
2024-01-21 08:00;25.852
2024-01-21 09:00;26.146
2024-01-21 10:00;26.294
2024-01-21 11:00;25.861
2024-01-21 12:00;25.911
2024-01-21 13:00;26.204
2024-01-21 14:00;26.432
2024-01-21 15:00;26.279
2024-01-21 16:00;26.018
2024-01-21 17:00;25.958
2024-01-21 18:00;25.467
2024-01-21 19:00;24.527
2024-01-21 20:00;24.840
2024-01-21 21:00;25.174
2024-01-21 22:00;24.514
2024-01-21 23:00;23.775
2024-01-22 00:00;24.187
2024-01-22 01:00;24.059
2024-01-22 02:00;24.118
2024-01-22 03:00;23.789
2024-01-22 04:00;23.784
2024-01-22 05:00;23.792
2024-01-22 06:00;23.680
2024-01-22 07:00;23.589
2024-01-22 08:00;23.838
2024-01-22 09:00;24.208
2024-01-22 10:00;24.143
2024-01-22 11:00;23.775
2024-01-22 12:00;23.047
2024-01-22 13:00;22.858
2024-01-22 14:00;23.223
2024-01-22 15:00;23.252
2024-01-22 16:00;23.368
2024-01-22 17:00;23.338
2024-01-22 18:00;23.247
2024-01-22 19:00;23.149
2024-01-22 20:00;22.941
2024-01-22 21:00;22.802
2024-01-22 22:00;22.403
2024-01-22 23:00;22.189
2024-01-23 00:00;22.009
2024-01-23 01:00;22.059
2024-01-23 02:00;22.127
2024-01-23 03:00;22.116
2024-01-23 04:00;22.293
2024-01-23 05:00;22.578
2024-01-23 06:00;23.095
2024-01-23 07:00;23.165
2024-01-23 08:00;23.134
2024-01-23 09:00;22.803
2024-01-23 10:00;22.461
2024-01-23 11:00;22.479
2024-01-23 12:00;22.806
2024-01-23 13:00;22.808
2024-01-23 14:00;22.844
2024-01-23 15:00;22.975
2024-01-23 16:00;23.135
2024-01-23 17:00;23.220
2024-01-23 18:00;22.953
2024-01-23 19:00;22.529
2024-01-23 20:00;21.920
2024-01-23 21:00;21.735
2024-01-23 22:00;21.288
2024-01-23 23:00;21.202
2024-01-24 00:00;21.042
2024-01-24 01:00;21.090
2024-01-24 02:00;21.148
2024-01-24 03:00;21.505
2024-01-24 04:00;21.664
2024-01-24 05:00;21.558
2024-01-24 06:00;21.920
2024-01-24 07:00;21.820
2024-01-24 08:00;21.735
2024-01-24 09:00;21.762
2024-01-24 10:00;21.720
2024-01-24 11:00;22.051
2024-01-24 12:00;22.225
2024-01-24 13:00;22.128
2024-01-24 14:00;22.285
2024-01-24 15:00;22.384
2024-01-24 16:00;22.272
2024-01-24 17:00;22.073
2024-01-24 18:00;21.943
2024-01-24 19:00;21.771
2024-01-24 20:00;21.554
2024-01-24 21:00;21.568
2024-01-24 22:00;21.463
2024-01-24 23:00;21.270
2024-01-25 00:00;21.116
2024-01-25 01:00;20.908
2024-01-25 02:00;21.004
2024-01-25 03:00;20.955
2024-01-25 04:00;21.042
2024-01-25 05:00;21.172
2024-01-25 06:00;21.666
2024-01-25 07:00;22.056
2024-01-25 08:00;22.175
2024-01-25 09:00;22.005
2024-01-25 10:00;21.540
2024-01-25 11:00;21.456
2024-01-25 12:00;21.734
2024-01-25 13:00;21.892
2024-01-25 14:00;22.008
2024-01-25 15:00;22.276
2024-01-25 16:00;22.431
2024-01-25 17:00;22.426
2024-01-25 18:00;21.892
2024-01-25 19:00;21.525
2024-01-25 20:00;21.436
2024-01-25 21:00;21.215
2024-01-25 22:00;21.131
2024-01-25 23:00;20.985
2024-01-26 00:00;20.959
2024-01-26 01:00;20.875
2024-01-26 02:00;20.981
2024-01-26 03:00;21.115
2024-01-26 04:00;21.429
2024-01-26 05:00;21.550
2024-01-26 06:00;21.645
2024-01-26 07:00;21.845
2024-01-26 08:00;21.937
2024-01-26 09:00;21.741
2024-01-26 10:00;21.990
2024-01-26 11:00;22.006
2024-01-26 12:00;22.146
2024-01-26 13:00;22.339
2024-01-26 14:00;22.342
2024-01-26 15:00;22.494
2024-01-26 16:00;22.659
2024-01-26 17:00;22.590
2024-01-26 18:00;22.435
2024-01-26 19:00;22.145
2024-01-26 20:00;21.778
2024-01-26 21:00;21.633
2024-01-26 22:00;21.586
2024-01-26 23:00;21.519
2024-01-27 00:00;20.893
2024-01-27 01:00;20.818
2024-01-27 02:00;20.963
2024-01-27 03:00;21.135
2024-01-27 04:00;21.140
2024-01-27 05:00;21.340
2024-01-27 06:00;21.514
2024-01-27 07:00;21.442
2024-01-27 08:00;21.559
2024-01-27 09:00;21.755
2024-01-27 10:00;21.827
2024-01-27 11:00;21.845
2024-01-27 12:00;21.647
2024-01-27 13:00;21.751
2024-01-27 14:00;22.034
2024-01-27 15:00;22.051
2024-01-27 16:00;22.142
2024-01-27 17:00;22.177
2024-01-27 18:00;22.169
2024-01-27 19:00;22.146
2024-01-27 20:00;22.340
2024-01-27 21:00;22.070
2024-01-27 22:00;21.663
2024-01-27 23:00;21.335
2024-01-28 00:00;21.339
2024-01-28 01:00;21.543
2024-01-28 02:00;21.647
2024-01-28 03:00;21.782
2024-01-28 04:00;21.683
2024-01-28 05:00;22.021
2024-01-28 06:00;22.381
2024-01-28 07:00;22.555
2024-01-28 08:00;22.640
2024-01-28 09:00;22.699
2024-01-28 10:00;22.711
2024-01-28 11:00;22.082
2024-01-28 12:00;22.058
2024-01-28 13:00;22.285
2024-01-28 14:00;22.416
2024-01-28 15:00;21.840
2024-01-28 16:00;22.091
2024-01-28 17:00;22.519
2024-01-28 18:00;22.673
2024-01-28 19:00;22.566
2024-01-28 20:00;22.501
2024-01-28 21:00;22.227
2024-01-28 22:00;21.899
2024-01-28 23:00;21.541
2024-01-29 00:00;22.032
2024-01-29 01:00;21.932
2024-01-29 02:00;22.179
2024-01-29 03:00;22.618
2024-01-29 04:00;23.007
2024-01-29 05:00;23.177
2024-01-29 06:00;23.301
2024-01-29 07:00;23.418
2024-01-29 08:00;23.461
2024-01-29 09:00;23.477
2024-01-29 10:00;23.367
2024-01-29 11:00;23.028
2024-01-29 12:00;22.755
2024-01-29 13:00;22.795
2024-01-29 14:00;22.839
2024-01-29 15:00;22.830
2024-01-29 16:00;22.811
2024-01-29 17:00;22.747
2024-01-29 18:00;22.690
2024-01-29 19:00;22.344
2024-01-29 20:00;21.905
2024-01-29 21:00;21.737
2024-01-29 22:00;21.245
2024-01-29 23:00;21.040
2024-01-30 00:00;20.934
2024-01-30 01:00;21.019
2024-01-30 02:00;21.047
2024-01-30 03:00;21.435
2024-01-30 04:00;21.444
2024-01-30 05:00;21.412
2024-01-30 06:00;21.591
2024-01-30 07:00;22.058
2024-01-30 08:00;22.091
2024-01-30 09:00;22.060
2024-01-30 10:00;21.832
2024-01-30 11:00;22.075
2024-01-30 12:00;22.134
2024-01-30 13:00;22.024
2024-01-30 14:00;22.035
2024-01-30 15:00;22.111
2024-01-30 16:00;22.299
2024-01-30 17:00;22.529
2024-01-30 18:00;22.399
2024-01-30 19:00;22.374
2024-01-30 20:00;22.297
2024-01-30 21:00;22.089
2024-01-30 22:00;21.704
2024-01-30 23:00;21.322
2024-01-31 00:00;21.336
2024-01-31 01:00;21.408
2024-01-31 02:00;21.559
2024-01-31 03:00;21.812
2024-01-31 04:00;22.179
2024-01-31 05:00;22.506
2024-01-31 06:00;22.701
2024-01-31 07:00;22.939
2024-01-31 08:00;22.942
2024-01-31 09:00;22.988
2024-01-31 10:00;22.838
2024-01-31 11:00;22.425
2024-01-31 12:00;22.681
2024-01-31 13:00;23.133
2024-01-31 14:00;23.257
2024-01-31 15:00;23.175
2024-01-31 16:00;23.247
2024-01-31 17:00;23.198
2024-01-31 18:00;23.304
2024-01-31 19:00;23.259
2024-01-31 20:00;23.010
2024-01-31 21:00;22.681
2024-01-31 22:00;22.460
2024-01-31 23:00;22.314
2024-02-01 00:00;22.100
2024-02-01 01:00;21.829
2024-02-01 02:00;21.762
2024-02-01 03:00;22.096
2024-02-01 04:00;22.198
2024-02-01 05:00;22.681
2024-02-01 06:00;22.982
2024-02-01 07:00;23.025
2024-02-01 08:00;22.841
2024-02-01 09:00;22.872
2024-02-01 10:00;22.775
2024-02-01 11:00;22.597
2024-02-01 12:00;22.155
2024-02-01 13:00;22.125
2024-02-01 14:00;22.506
2024-02-01 15:00;22.816
2024-02-01 16:00;22.956
2024-02-01 17:00;22.902
2024-02-01 18:00;22.827
2024-02-01 19:00;22.569
2024-02-01 20:00;22.162
2024-02-01 21:00;21.956
2024-02-01 22:00;21.685
2024-02-01 23:00;21.310
2024-02-02 00:00;21.344
2024-02-02 01:00;21.466
2024-02-02 02:00;21.530
2024-02-02 03:00;21.836
2024-02-02 04:00;22.148
2024-02-02 05:00;22.262
2024-02-02 06:00;22.124
2024-02-02 07:00;22.072
2024-02-02 08:00;21.977
2024-02-02 09:00;22.181
2024-02-02 10:00;22.338
2024-02-02 11:00;22.471
2024-02-02 12:00;22.002
2024-02-02 13:00;21.887
2024-02-02 14:00;21.852
2024-02-02 15:00;21.855
2024-02-02 16:00;21.770
2024-02-02 17:00;21.651
2024-02-02 18:00;21.421
2024-02-02 19:00;20.975
2024-02-02 20:00;20.734
2024-02-02 21:00;20.549
2024-02-02 22:00;20.402
2024-02-02 23:00;20.036
2024-02-03 00:00;19.235
2024-02-03 01:00;19.133
2024-02-03 02:00;18.998
2024-02-03 03:00;18.984
2024-02-03 04:00;18.955
2024-02-03 05:00;18.884
2024-02-03 06:00;19.063
2024-02-03 07:00;19.439
2024-02-03 08:00;19.598
2024-02-03 09:00;19.862
2024-02-03 10:00;19.945
2024-02-03 11:00;19.696
2024-02-03 12:00;19.560
2024-02-03 13:00;19.493
2024-02-03 14:00;19.497
2024-02-03 15:00;19.665
2024-02-03 16:00;19.920
2024-02-03 17:00;20.188
2024-02-03 18:00;19.959
2024-02-03 19:00;19.636
2024-02-03 20:00;19.512
2024-02-03 21:00;19.433
2024-02-03 22:00;19.574
2024-02-03 23:00;19.255
2024-02-04 00:00;18.955
2024-02-04 01:00;18.970
2024-02-04 02:00;19.222
2024-02-04 03:00;19.464
2024-02-04 04:00;19.907
2024-02-04 05:00;20.027
2024-02-04 06:00;20.036
2024-02-04 07:00;20.146
2024-02-04 08:00;20.240
2024-02-04 09:00;20.289
2024-02-04 10:00;20.528
2024-02-04 11:00;20.506
2024-02-04 12:00;20.484
2024-02-04 13:00;20.572
2024-02-04 14:00;20.579
2024-02-04 15:00;20.591
2024-02-04 16:00;20.599
2024-02-04 17:00;20.949
2024-02-04 18:00;21.003
2024-02-04 19:00;20.838
2024-02-04 20:00;20.503
2024-02-04 21:00;20.484
2024-02-04 22:00;20.198
2024-02-04 23:00;19.952
2024-02-05 00:00;20.224
2024-02-05 01:00;20.312
2024-02-05 02:00;20.407
2024-02-05 03:00;20.588
2024-02-05 04:00;21.000
2024-02-05 05:00;21.288
2024-02-05 06:00;21.417
2024-02-05 07:00;21.487
2024-02-05 08:00;21.632
2024-02-05 09:00;21.675
2024-02-05 10:00;21.719
2024-02-05 11:00;21.751
2024-02-05 12:00;21.838
2024-02-05 13:00;21.853
2024-02-05 14:00;21.848
2024-02-05 15:00;21.762
2024-02-05 16:00;22.133
2024-02-05 17:00;22.085
2024-02-05 18:00;21.831
2024-02-05 19:00;21.666
2024-02-05 20:00;21.241
2024-02-05 21:00;20.633
2024-02-05 22:00;20.214
2024-02-05 23:00;19.973
2024-02-06 00:00;19.835
2024-02-06 01:00;20.176
2024-02-06 02:00;20.215
2024-02-06 03:00;20.290
2024-02-06 04:00;20.413
2024-02-06 05:00;20.590
2024-02-06 06:00;20.875
2024-02-06 07:00;20.943
2024-02-06 08:00;20.630
2024-02-06 09:00;20.376
2024-02-06 10:00;20.524
2024-02-06 11:00;20.688
2024-02-06 12:00;21.003
2024-02-06 13:00;20.996
2024-02-06 14:00;21.315
2024-02-06 15:00;21.627
2024-02-06 16:00;22.007
2024-02-06 17:00;21.895
2024-02-06 18:00;21.899
2024-02-06 19:00;21.616
2024-02-06 20:00;21.219
2024-02-06 21:00;21.259
2024-02-06 22:00;21.621
2024-02-06 23:00;21.639
2024-02-07 00:00;21.262
2024-02-07 01:00;21.198
2024-02-07 02:00;21.411
2024-02-07 03:00;21.417
2024-02-07 04:00;21.659
2024-02-07 05:00;22.110
2024-02-07 06:00;22.435
2024-02-07 07:00;22.442
2024-02-07 08:00;22.862
2024-02-07 09:00;23.179
2024-02-07 10:00;22.836
2024-02-07 11:00;22.513
2024-02-07 12:00;22.500
2024-02-07 13:00;22.519
2024-02-07 14:00;22.568
2024-02-07 15:00;23.406
2024-02-07 16:00;24.077
2024-02-07 17:00;23.958
2024-02-07 18:00;23.720
2024-02-07 19:00;23.480
2024-02-07 20:00;23.523
2024-02-07 21:00;23.560
2024-02-07 22:00;23.033
2024-02-07 23:00;22.556
2024-02-08 00:00;22.532
2024-02-08 01:00;22.678
2024-02-08 02:00;22.865
2024-02-08 03:00;22.895
2024-02-08 04:00;23.060
2024-02-08 05:00;23.254
2024-02-08 06:00;23.634
2024-02-08 07:00;23.860
2024-02-08 08:00;23.923
2024-02-08 09:00;23.766
2024-02-08 10:00;23.536
2024-02-08 11:00;23.927
2024-02-08 12:00;23.091
2024-02-08 13:00;23.048
2024-02-08 14:00;22.992
2024-02-08 15:00;23.744
2024-02-08 16:00;23.734
2024-02-08 17:00;23.734
2024-02-08 18:00;23.883
2024-02-08 19:00;23.740
2024-02-08 20:00;23.527
2024-02-08 21:00;23.531
2024-02-08 22:00;23.700
2024-02-08 23:00;23.486
2024-02-09 00:00;23.273
2024-02-09 01:00;23.709
2024-02-09 02:00;24.225
2024-02-09 03:00;24.885
2024-02-09 04:00;25.134
2024-02-09 05:00;25.672
2024-02-09 06:00;26.282
2024-02-09 07:00;26.405
2024-02-09 08:00;26.467
2024-02-09 09:00;26.590
2024-02-09 10:00;26.844
2024-02-09 11:00;26.864
2024-02-09 12:00;26.740
2024-02-09 13:00;26.629
2024-02-09 14:00;26.711
2024-02-09 15:00;27.078
2024-02-09 16:00;27.080
2024-02-09 17:00;26.849
2024-02-09 18:00;26.251
2024-02-09 19:00;25.615
2024-02-09 20:00;25.217
2024-02-09 21:00;25.443
2024-02-09 22:00;25.111
2024-02-09 23:00;24.602
2024-02-10 00:00;23.843
2024-02-10 01:00;23.763
2024-02-10 02:00;23.686
2024-02-10 03:00;23.591
2024-02-10 04:00;23.599
2024-02-10 05:00;23.767
2024-02-10 06:00;24.012
2024-02-10 07:00;24.146
2024-02-10 08:00;24.294
2024-02-10 09:00;24.487
2024-02-10 10:00;24.617
2024-02-10 11:00;24.624
2024-02-10 12:00;24.487
2024-02-10 13:00;24.314
2024-02-10 14:00;24.304
2024-02-10 15:00;24.548
2024-02-10 16:00;24.698
2024-02-10 17:00;24.708
2024-02-10 18:00;24.480
2024-02-10 19:00;24.171
2024-02-10 20:00;23.962
2024-02-10 21:00;23.822
2024-02-10 22:00;23.781
2024-02-10 23:00;23.640
2024-02-11 00:00;23.328
2024-02-11 01:00;23.296
2024-02-11 02:00;23.540
2024-02-11 03:00;23.707
2024-02-11 04:00;23.809
2024-02-11 05:00;23.887
2024-02-11 06:00;23.926
2024-02-11 07:00;24.041
2024-02-11 08:00;24.219
2024-02-11 09:00;24.635
2024-02-11 10:00;24.726
2024-02-11 11:00;24.536
2024-02-11 12:00;24.536
2024-02-11 13:00;24.506
2024-02-11 14:00;24.462
2024-02-11 15:00;24.369
2024-02-11 16:00;24.706
2024-02-11 17:00;24.170
2024-02-11 18:00;24.015
2024-02-11 19:00;24.366
2024-02-11 20:00;24.301
2024-02-11 21:00;24.001
2024-02-11 22:00;23.494
2024-02-11 23:00;23.094
2024-02-12 00:00;23.503
2024-02-12 01:00;23.370
2024-02-12 02:00;23.503
2024-02-12 03:00;23.464
2024-02-12 04:00;23.469
2024-02-12 05:00;23.539
2024-02-12 06:00;23.727
2024-02-12 07:00;23.847
2024-02-12 08:00;23.836
2024-02-12 09:00;23.743
2024-02-12 10:00;23.726
2024-02-12 11:00;23.642
2024-02-12 12:00;23.207
2024-02-12 13:00;22.861
2024-02-12 14:00;23.084
2024-02-12 15:00;23.195
2024-02-12 16:00;23.318
2024-02-12 17:00;23.287
2024-02-12 18:00;23.139
2024-02-12 19:00;22.967
2024-02-12 20:00;22.814
2024-02-12 21:00;22.550
2024-02-12 22:00;22.243
2024-02-12 23:00;22.142
2024-02-13 00:00;21.952
2024-02-13 01:00;22.040
2024-02-13 02:00;22.110
2024-02-13 03:00;22.185
2024-02-13 04:00;22.504
2024-02-13 05:00;22.737
2024-02-13 06:00;22.977
2024-02-13 07:00;23.382
2024-02-13 08:00;23.287
2024-02-13 09:00;23.018
2024-02-13 10:00;22.878
2024-02-13 11:00;22.843
2024-02-13 12:00;22.880
2024-02-13 13:00;22.876
2024-02-13 14:00;22.862
2024-02-13 15:00;22.734
2024-02-13 16:00;22.672
2024-02-13 17:00;22.572
2024-02-13 18:00;22.399
2024-02-13 19:00;22.226
2024-02-13 20:00;22.055
2024-02-13 21:00;21.708
2024-02-13 22:00;21.083
2024-02-13 23:00;20.809
2024-02-14 00:00;20.835
2024-02-14 01:00;20.800
2024-02-14 02:00;20.781
2024-02-14 03:00;20.909
2024-02-14 04:00;20.975
2024-02-14 05:00;21.277
2024-02-14 06:00;21.785
2024-02-14 07:00;21.592
2024-02-14 08:00;21.462
2024-02-14 09:00;21.388
2024-02-14 10:00;21.411
2024-02-14 11:00;21.461
2024-02-14 12:00;21.136
2024-02-14 13:00;20.882
2024-02-14 14:00;20.875
2024-02-14 15:00;21.026
2024-02-14 16:00;21.191
2024-02-14 17:00;21.024
2024-02-14 18:00;20.938
2024-02-14 19:00;20.623
2024-02-14 20:00;20.324
2024-02-14 21:00;20.074
2024-02-14 22:00;19.740
2024-02-14 23:00;19.059
2024-02-15 00:00;18.790
2024-02-15 01:00;18.769
2024-02-15 02:00;19.205
2024-02-15 03:00;19.366
2024-02-15 04:00;19.419
2024-02-15 05:00;19.382
2024-02-15 06:00;19.407
2024-02-15 07:00;19.607
2024-02-15 08:00;19.566
2024-02-15 09:00;19.554
2024-02-15 10:00;18.737
2024-02-15 11:00;18.540
2024-02-15 12:00;18.943
2024-02-15 13:00;19.193
2024-02-15 14:00;19.061
2024-02-15 15:00;18.466
2024-02-15 16:00;18.595
2024-02-15 17:00;18.423
2024-02-15 18:00;18.546
2024-02-15 19:00;18.349
2024-02-15 20:00;18.025
2024-02-15 21:00;17.579
2024-02-15 22:00;17.041
2024-02-15 23:00;16.995
2024-02-16 00:00;16.926
2024-02-16 01:00;16.925
2024-02-16 02:00;16.859
2024-02-16 03:00;16.645
2024-02-16 04:00;16.398
2024-02-16 05:00;16.257
2024-02-16 06:00;16.208
2024-02-16 07:00;16.145
2024-02-16 08:00;16.310
2024-02-16 09:00;16.484
2024-02-16 10:00;16.698
2024-02-16 11:00;16.904
2024-02-16 12:00;16.816
2024-02-16 13:00;16.897
2024-02-16 14:00;16.650
2024-02-16 15:00;16.720
2024-02-16 16:00;16.880
2024-02-16 17:00;16.993
2024-02-16 18:00;17.703
2024-02-16 19:00;18.038
2024-02-16 20:00;18.036
2024-02-16 21:00;18.081
2024-02-16 22:00;18.044
2024-02-16 23:00;17.338
2024-02-17 00:00;17.204
2024-02-17 01:00;17.051
2024-02-17 02:00;17.196
2024-02-17 03:00;17.637
2024-02-17 04:00;18.517
2024-02-17 05:00;18.982
2024-02-17 06:00;19.188
2024-02-17 07:00;19.381
2024-02-17 08:00;19.671
2024-02-17 09:00;19.666
2024-02-17 10:00;19.777
2024-02-17 11:00;19.953
2024-02-17 12:00;20.034
2024-02-17 13:00;20.213
2024-02-17 14:00;20.333
2024-02-17 15:00;20.311
2024-02-17 16:00;20.325
2024-02-17 17:00;20.395
2024-02-17 18:00;20.452
2024-02-17 19:00;20.533
2024-02-17 20:00;20.510
2024-02-17 21:00;20.447
2024-02-17 22:00;20.250
2024-02-17 23:00;20.156
2024-02-18 00:00;20.081
2024-02-18 01:00;20.083
2024-02-18 02:00;20.172
2024-02-18 03:00;20.109
2024-02-18 04:00;20.015
2024-02-18 05:00;20.034
2024-02-18 06:00;20.075
2024-02-18 07:00;20.168
2024-02-18 08:00;20.269
2024-02-18 09:00;20.442
2024-02-18 10:00;20.416
2024-02-18 11:00;20.376
2024-02-18 12:00;20.021
2024-02-18 13:00;19.943
2024-02-18 14:00;19.927
2024-02-18 15:00;19.747
2024-02-18 16:00;19.621
2024-02-18 17:00;19.710
2024-02-18 18:00;19.842
2024-02-18 19:00;19.899
2024-02-18 20:00;19.808
2024-02-18 21:00;19.691
2024-02-18 22:00;19.251
2024-02-18 23:00;19.046
2024-02-19 00:00;19.415
2024-02-19 01:00;19.541
2024-02-19 02:00;19.530
2024-02-19 03:00;19.668
2024-02-19 04:00;19.799
2024-02-19 05:00;20.030
2024-02-19 06:00;20.512
2024-02-19 07:00;20.807
2024-02-19 08:00;20.790
2024-02-19 09:00;20.599
2024-02-19 10:00;20.351
2024-02-19 11:00;20.327
2024-02-19 12:00;20.238
2024-02-19 13:00;20.483
2024-02-19 14:00;20.872
2024-02-19 15:00;20.865
2024-02-19 16:00;20.836
2024-02-19 17:00;20.927
2024-02-19 18:00;20.822
2024-02-19 19:00;20.700
2024-02-19 20:00;20.483
2024-02-19 21:00;20.106
2024-02-19 22:00;19.669
2024-02-19 23:00;19.449
2024-02-20 00:00;19.465
2024-02-20 01:00;19.549
2024-02-20 02:00;19.689
2024-02-20 03:00;19.917
2024-02-20 04:00;20.001
2024-02-20 05:00;20.132
2024-02-20 06:00;20.357
2024-02-20 07:00;20.431
2024-02-20 08:00;20.399
2024-02-20 09:00;20.219
2024-02-20 10:00;20.197
2024-02-20 11:00;20.245
2024-02-20 12:00;20.383
2024-02-20 13:00;20.472
2024-02-20 14:00;20.395
2024-02-20 15:00;20.372
2024-02-20 16:00;20.349
2024-02-20 17:00;20.190
2024-02-20 18:00;20.117
2024-02-20 19:00;20.057
2024-02-20 20:00;19.843
2024-02-20 21:00;19.698
2024-02-20 22:00;19.673
2024-02-20 23:00;19.570
2024-02-21 00:00;19.275
2024-02-21 01:00;19.236
2024-02-21 02:00;19.164
2024-02-21 03:00;19.275
2024-02-21 04:00;19.626
2024-02-21 05:00;19.743
2024-02-21 06:00;19.898
2024-02-21 07:00;20.149
2024-02-21 08:00;20.171
2024-02-21 09:00;19.887
2024-02-21 10:00;19.722
2024-02-21 11:00;19.709
2024-02-21 12:00;19.689
2024-02-21 13:00;19.451
2024-02-21 14:00;19.514
2024-02-21 15:00;19.578
2024-02-21 16:00;19.996
2024-02-21 17:00;19.957
2024-02-21 18:00;20.024
2024-02-21 19:00;19.838
2024-02-21 20:00;19.519
2024-02-21 21:00;19.056
2024-02-21 22:00;18.855
2024-02-21 23:00;18.773
2024-02-22 00:00;18.674
2024-02-22 01:00;18.584
2024-02-22 02:00;18.729
2024-02-22 03:00;19.001
2024-02-22 04:00;18.999
2024-02-22 05:00;18.995
2024-02-22 06:00;19.215
2024-02-22 07:00;19.305
2024-02-22 08:00;19.177
2024-02-22 09:00;19.084
2024-02-22 10:00;19.121
2024-02-22 11:00;19.215
2024-02-22 12:00;19.244
2024-02-22 13:00;19.162
2024-02-22 14:00;19.086
2024-02-22 15:00;19.025
2024-02-22 16:00;18.944
2024-02-22 17:00;19.087
2024-02-22 18:00;19.184
2024-02-22 19:00;19.213
2024-02-22 20:00;18.999
2024-02-22 21:00;18.745
2024-02-22 22:00;18.644
2024-02-22 23:00;18.703
2024-02-23 00:00;18.725
2024-02-23 01:00;18.868
2024-02-23 02:00;19.196
2024-02-23 03:00;19.779
2024-02-23 04:00;20.366
2024-02-23 05:00;20.354
2024-02-23 06:00;20.341
2024-02-23 07:00;20.251
2024-02-23 08:00;20.642
2024-02-23 09:00;20.909
2024-02-23 10:00;21.108
2024-02-23 11:00;21.199
2024-02-23 12:00;21.289
2024-02-23 13:00;21.277
2024-02-23 14:00;21.989
2024-02-23 15:00;22.175
2024-02-23 16:00;21.345
2024-02-23 17:00;21.577
2024-02-23 18:00;21.593
2024-02-23 19:00;21.497
2024-02-23 20:00;21.044
2024-02-23 21:00;20.949
2024-02-23 22:00;20.773
2024-02-23 23:00;20.716
2024-02-24 00:00;20.279
2024-02-24 01:00;20.098
2024-02-24 02:00;20.078
2024-02-24 03:00;19.973
2024-02-24 04:00;19.850
2024-02-24 05:00;19.894
2024-02-24 06:00;19.860
2024-02-24 07:00;19.884
2024-02-24 08:00;20.096
2024-02-24 09:00;20.604
2024-02-24 10:00;20.469
2024-02-24 11:00;20.197
2024-02-24 12:00;20.153
2024-02-24 13:00;20.083
2024-02-24 14:00;20.219
2024-02-24 15:00;20.510
2024-02-24 16:00;20.462
2024-02-24 17:00;20.386
2024-02-24 18:00;20.537
2024-02-24 19:00;20.413
2024-02-24 20:00;20.549
2024-02-24 21:00;20.592
2024-02-24 22:00;20.526
2024-02-24 23:00;20.175
2024-02-25 00:00;20.195
2024-02-25 01:00;20.408
2024-02-25 02:00;20.581
2024-02-25 03:00;20.820
2024-02-25 04:00;21.198
2024-02-25 05:00;21.258
2024-02-25 06:00;20.887
2024-02-25 07:00;21.324
2024-02-25 08:00;21.528
2024-02-25 09:00;21.633
2024-02-25 10:00;21.917
2024-02-25 11:00;22.281
2024-02-25 12:00;22.286
2024-02-25 13:00;22.007
2024-02-25 14:00;21.828
2024-02-25 15:00;21.712
2024-02-25 16:00;21.796
2024-02-25 17:00;21.943
2024-02-25 18:00;21.787
2024-02-25 19:00;22.492
2024-02-25 20:00;22.339
2024-02-25 21:00;22.237
2024-02-25 22:00;22.037
2024-02-25 23:00;21.602
2024-02-26 00:00;21.862
2024-02-26 01:00;21.768
2024-02-26 02:00;21.780
2024-02-26 03:00;22.449
2024-02-26 04:00;22.648
2024-02-26 05:00;22.846
2024-02-26 06:00;22.733
2024-02-26 07:00;22.776
2024-02-26 08:00;22.860
2024-02-26 09:00;23.181
2024-02-26 10:00;23.362
2024-02-26 11:00;23.467
2024-02-26 12:00;23.011
2024-02-26 13:00;22.950
2024-02-26 14:00;22.726
2024-02-26 15:00;22.885
2024-02-26 16:00;22.865
2024-02-26 17:00;22.914
2024-02-26 18:00;23.172
2024-02-26 19:00;23.230
2024-02-26 20:00;22.719
2024-02-26 21:00;22.757
2024-02-26 22:00;22.645
2024-02-26 23:00;22.238
2024-02-27 00:00;21.796
2024-02-27 01:00;21.867
2024-02-27 02:00;22.405
2024-02-27 03:00;22.763
2024-02-27 04:00;22.937
2024-02-27 05:00;23.215
2024-02-27 06:00;23.395
2024-02-27 07:00;23.618
2024-02-27 08:00;23.890
2024-02-27 09:00;23.748
2024-02-27 10:00;23.135
2024-02-27 11:00;23.246
2024-02-27 12:00;23.664
2024-02-27 13:00;23.660
2024-02-27 14:00;23.792
2024-02-27 15:00;23.933
2024-02-27 16:00;23.981
2024-02-27 17:00;23.857
2024-02-27 18:00;23.050
2024-02-27 19:00;23.096
2024-02-27 20:00;23.137
2024-02-27 21:00;22.934
2024-02-27 22:00;23.005
2024-02-27 23:00;22.959
2024-02-28 00:00;22.736
2024-02-28 01:00;22.557
2024-02-28 02:00;22.425
2024-02-28 03:00;22.704
2024-02-28 04:00;23.182
2024-02-28 05:00;23.210
2024-02-28 06:00;23.532
2024-02-28 07:00;23.666
2024-02-28 08:00;23.724
2024-02-28 09:00;23.563
2024-02-28 10:00;23.356
2024-02-28 11:00;23.058
2024-02-28 12:00;23.159
2024-02-28 13:00;23.320
2024-02-28 14:00;23.378
2024-02-28 15:00;23.489
2024-02-28 16:00;23.628
2024-02-28 17:00;23.596
2024-02-28 18:00;23.489
2024-02-28 19:00;23.131
2024-02-28 20:00;22.725
2024-02-28 21:00;22.298
2024-02-28 22:00;21.887
2024-02-28 23:00;22.147
2024-02-29 00:00;22.129
2024-02-29 01:00;21.890
2024-02-29 02:00;21.882
2024-02-29 03:00;22.129
2024-02-29 04:00;22.137
2024-02-29 05:00;22.251
2024-02-29 06:00;22.671
2024-02-29 07:00;22.593
2024-02-29 08:00;22.515
2024-02-29 09:00;22.425
2024-02-29 10:00;21.591
2024-02-29 11:00;21.726
2024-02-29 12:00;21.761
2024-02-29 13:00;21.693
2024-02-29 14:00;21.691
2024-02-29 15:00;21.485
2024-02-29 16:00;21.455
2024-02-29 17:00;21.381
2024-02-29 18:00;21.358
2024-02-29 19:00;21.159
2024-02-29 20:00;20.814
2024-02-29 21:00;20.684
2024-02-29 22:00;20.520
2024-02-29 23:00;20.562
2024-03-01 00:00;20.436
2024-03-01 01:00;20.413
2024-03-01 02:00;20.271
2024-03-01 03:00;20.332
2024-03-01 04:00;20.486
2024-03-01 05:00;20.895
2024-03-01 06:00;21.212
2024-03-01 07:00;21.379
2024-03-01 08:00;21.538
2024-03-01 09:00;21.458
2024-03-01 10:00;21.251
2024-03-01 11:00;21.439
2024-03-01 12:00;21.509
2024-03-01 13:00;21.222
2024-03-01 14:00;21.446
2024-03-01 15:00;21.413
2024-03-01 16:00;21.325
2024-03-01 17:00;21.012
2024-03-01 18:00;21.023
2024-03-01 19:00;20.844
2024-03-01 20:00;20.173
2024-03-01 21:00;19.860
2024-03-01 22:00;19.533
2024-03-01 23:00;19.124
2024-03-02 00:00;18.353
2024-03-02 01:00;18.403
2024-03-02 02:00;18.264
2024-03-02 03:00;17.957
2024-03-02 04:00;17.775
2024-03-02 05:00;18.066
2024-03-02 06:00;18.407
2024-03-02 07:00;18.467
2024-03-02 08:00;18.553
2024-03-02 09:00;18.388
2024-03-02 10:00;17.942
2024-03-02 11:00;17.563
2024-03-02 12:00;17.612
2024-03-02 13:00;17.738
2024-03-02 14:00;17.715
2024-03-02 15:00;17.748
2024-03-02 16:00;17.789
2024-03-02 17:00;17.983
2024-03-02 18:00;18.143
2024-03-02 19:00;18.084
2024-03-02 20:00;17.915
2024-03-02 21:00;17.790
2024-03-02 22:00;17.637
2024-03-02 23:00;17.631
2024-03-03 00:00;17.667
2024-03-03 01:00;17.740
2024-03-03 02:00;17.601
2024-03-03 03:00;17.502
2024-03-03 04:00;17.751
2024-03-03 05:00;18.265
2024-03-03 06:00;18.569
2024-03-03 07:00;18.958
2024-03-03 08:00;19.248
2024-03-03 09:00;19.369
2024-03-03 10:00;19.297
2024-03-03 11:00;19.186
2024-03-03 12:00;19.267
2024-03-03 13:00;19.238
2024-03-03 14:00;19.215
2024-03-03 15:00;19.227
2024-03-03 16:00;19.339
2024-03-03 17:00;19.729
2024-03-03 18:00;19.901
2024-03-03 19:00;19.839
2024-03-03 20:00;19.700
2024-03-03 21:00;19.453
2024-03-03 22:00;19.402
2024-03-03 23:00;19.315
2024-03-04 00:00;19.655
2024-03-04 01:00;19.492
2024-03-04 02:00;19.487
2024-03-04 03:00;19.699
2024-03-04 04:00;19.947
2024-03-04 05:00;20.294
2024-03-04 06:00;20.657
2024-03-04 07:00;21.109
2024-03-04 08:00;20.978
2024-03-04 09:00;20.707
2024-03-04 10:00;20.645
2024-03-04 11:00;20.707
2024-03-04 12:00;20.910
2024-03-04 13:00;20.895
2024-03-04 14:00;21.025
2024-03-04 15:00;21.235
2024-03-04 16:00;21.635
2024-03-04 17:00;21.828
2024-03-04 18:00;21.797
2024-03-04 19:00;21.650
2024-03-04 20:00;21.303
2024-03-04 21:00;21.130
2024-03-04 22:00;21.411
2024-03-04 23:00;21.580
2024-03-05 00:00;21.567
2024-03-05 01:00;21.490
2024-03-05 02:00;21.513
2024-03-05 03:00;21.711
2024-03-05 04:00;21.925
2024-03-05 05:00;22.187
2024-03-05 06:00;22.781
2024-03-05 07:00;23.266
2024-03-05 08:00;23.345
2024-03-05 09:00;23.312
2024-03-05 10:00;23.074
2024-03-05 11:00;22.833
2024-03-05 12:00;22.984
2024-03-05 13:00;23.184
2024-03-05 14:00;23.440
2024-03-05 15:00;23.627
2024-03-05 16:00;23.719
2024-03-05 17:00;23.674
2024-03-05 18:00;23.829
2024-03-05 19:00;23.607
2024-03-05 20:00;23.222
2024-03-05 21:00;22.930
2024-03-05 22:00;22.540
2024-03-05 23:00;22.470
2024-03-06 00:00;22.500
2024-03-06 01:00;22.397
2024-03-06 02:00;22.564
2024-03-06 03:00;22.900
2024-03-06 04:00;23.104
2024-03-06 05:00;23.290
2024-03-06 06:00;23.375
2024-03-06 07:00;23.233
2024-03-06 08:00;23.412
2024-03-06 09:00;23.301
2024-03-06 10:00;23.082
2024-03-06 11:00;22.973
2024-03-06 12:00;23.039
2024-03-06 13:00;22.910
2024-03-06 14:00;23.489
2024-03-06 15:00;23.889
2024-03-06 16:00;23.674
2024-03-06 17:00;23.512
2024-03-06 18:00;22.603
2024-03-06 19:00;22.686
2024-03-06 20:00;22.805
2024-03-06 21:00;22.603
2024-03-06 22:00;22.060
2024-03-06 23:00;21.967
2024-03-07 00:00;22.001
2024-03-07 01:00;22.291
2024-03-07 02:00;22.735
2024-03-07 03:00;22.696
2024-03-07 04:00;22.521
2024-03-07 05:00;22.610
2024-03-07 06:00;23.213
2024-03-07 07:00;23.513
2024-03-07 08:00;23.692
2024-03-07 09:00;23.380
2024-03-07 10:00;23.406
2024-03-07 11:00;23.494
2024-03-07 12:00;23.669
2024-03-07 13:00;23.791
2024-03-07 14:00;23.650
2024-03-07 15:00;23.676
2024-03-07 16:00;23.801
2024-03-07 17:00;24.036
2024-03-07 18:00;24.299
2024-03-07 19:00;24.023
2024-03-07 20:00;23.510
2024-03-07 21:00;23.217
2024-03-07 22:00;22.775
2024-03-07 23:00;22.679
2024-03-08 00:00;22.630
2024-03-08 01:00;22.916
2024-03-08 02:00;23.119
2024-03-08 03:00;23.037
2024-03-08 04:00;23.039
2024-03-08 05:00;23.306
2024-03-08 06:00;23.770
2024-03-08 07:00;23.677
2024-03-08 08:00;23.645
2024-03-08 09:00;23.295
2024-03-08 10:00;23.102
2024-03-08 11:00;23.214
2024-03-08 12:00;23.244
2024-03-08 13:00;23.188
2024-03-08 14:00;23.302
2024-03-08 15:00;23.666
2024-03-08 16:00;23.781
2024-03-08 17:00;23.726
2024-03-08 18:00;23.775
2024-03-08 19:00;23.512
2024-03-08 20:00;23.048
2024-03-08 21:00;22.706
2024-03-08 22:00;22.505
2024-03-08 23:00;22.484
2024-03-09 00:00;22.054
2024-03-09 01:00;22.214
2024-03-09 02:00;22.185
2024-03-09 03:00;21.924
2024-03-09 04:00;21.873
2024-03-09 05:00;21.971
2024-03-09 06:00;22.547
2024-03-09 07:00;22.780
2024-03-09 08:00;22.789
2024-03-09 09:00;22.824
2024-03-09 10:00;22.843
2024-03-09 11:00;22.508
2024-03-09 12:00;22.179
2024-03-09 13:00;22.187
2024-03-09 14:00;22.325
2024-03-09 15:00;22.578
2024-03-09 16:00;22.721
2024-03-09 17:00;22.747
2024-03-09 18:00;22.934
2024-03-09 19:00;22.799
2024-03-09 20:00;22.308
2024-03-09 21:00;22.051
2024-03-09 22:00;21.537
2024-03-09 23:00;21.383
2024-03-10 00:00;21.322
2024-03-10 01:00;21.458
2024-03-10 02:00;21.698
2024-03-10 03:00;21.926
2024-03-10 04:00;22.102
2024-03-10 05:00;22.082
2024-03-10 06:00;22.060
2024-03-10 07:00;22.271
2024-03-10 08:00;22.807
2024-03-10 09:00;22.870
2024-03-10 10:00;22.660
2024-03-10 11:00;22.425
2024-03-10 12:00;22.750
2024-03-10 13:00;23.016
2024-03-10 14:00;22.966
2024-03-10 15:00;23.010
2024-03-10 16:00;23.099
2024-03-10 17:00;23.404
2024-03-10 18:00;23.380
2024-03-10 19:00;23.180
2024-03-10 20:00;23.005
2024-03-10 21:00;23.070
2024-03-10 22:00;22.608
2024-03-10 23:00;22.503
2024-03-11 00:00;23.091
2024-03-11 01:00;23.100
2024-03-11 02:00;23.478
2024-03-11 03:00;23.517
2024-03-11 04:00;23.527
2024-03-11 05:00;23.829
2024-03-11 06:00;24.130
2024-03-11 07:00;24.327
2024-03-11 08:00;24.478
2024-03-11 09:00;24.497
2024-03-11 10:00;24.400
2024-03-11 11:00;24.319
2024-03-11 12:00;24.236
2024-03-11 13:00;24.222
2024-03-11 14:00;24.423
2024-03-11 15:00;24.613
2024-03-11 16:00;24.537
2024-03-11 17:00;24.490
2024-03-11 18:00;24.362
2024-03-11 19:00;24.158
2024-03-11 20:00;24.025
2024-03-11 21:00;23.565
2024-03-11 22:00;23.044
2024-03-11 23:00;22.922
2024-03-12 00:00;22.970
2024-03-12 01:00;22.963
2024-03-12 02:00;22.968
2024-03-12 03:00;22.953
2024-03-12 04:00;22.963
2024-03-12 05:00;23.291
2024-03-12 06:00;23.598
2024-03-12 07:00;23.307
2024-03-12 08:00;23.179
2024-03-12 09:00;23.204
2024-03-12 10:00;23.391
2024-03-12 11:00;23.230
2024-03-12 12:00;22.806
2024-03-12 13:00;22.585
2024-03-12 14:00;22.496
2024-03-12 15:00;22.455
2024-03-12 16:00;22.425
2024-03-12 17:00;22.321
2024-03-12 18:00;22.356
2024-03-12 19:00;22.278
2024-03-12 20:00;22.203
2024-03-12 21:00;21.719
2024-03-12 22:00;21.094
2024-03-12 23:00;20.677
2024-03-13 00:00;20.369
2024-03-13 01:00;20.227
2024-03-13 02:00;20.150
2024-03-13 03:00;20.243
2024-03-13 04:00;20.184
2024-03-13 05:00;20.295
2024-03-13 06:00;20.627
2024-03-13 07:00;20.596
2024-03-13 08:00;20.564
2024-03-13 09:00;19.862
2024-03-13 10:00;19.372
2024-03-13 11:00;19.315
2024-03-13 12:00;19.413
2024-03-13 13:00;19.591
2024-03-13 14:00;19.480
2024-03-13 15:00;19.485
2024-03-13 16:00;19.472
2024-03-13 17:00;19.507
2024-03-13 18:00;19.313
2024-03-13 19:00;19.089
2024-03-13 20:00;18.814
2024-03-13 21:00;18.541
2024-03-13 22:00;18.120
2024-03-13 23:00;17.704
2024-03-14 00:00;17.707
2024-03-14 01:00;17.852
2024-03-14 02:00;18.106
2024-03-14 03:00;18.226
2024-03-14 04:00;18.418
2024-03-14 05:00;18.318
2024-03-14 06:00;18.583
2024-03-14 07:00;18.707
2024-03-14 08:00;18.169
2024-03-14 09:00;17.836
2024-03-14 10:00;17.785
2024-03-14 11:00;17.867
2024-03-14 12:00;18.267
2024-03-14 13:00;18.207
2024-03-14 14:00;18.000
2024-03-14 15:00;17.893
2024-03-14 16:00;17.616
2024-03-14 17:00;17.557
2024-03-14 18:00;17.482
2024-03-14 19:00;17.237
2024-03-14 20:00;17.047
2024-03-14 21:00;17.131
2024-03-14 22:00;17.161
2024-03-14 23:00;16.926
2024-03-15 00:00;16.340
2024-03-15 01:00;16.058
2024-03-15 02:00;16.185
2024-03-15 03:00;16.351
2024-03-15 04:00;16.407
2024-03-15 05:00;16.391
2024-03-15 06:00;16.653
2024-03-15 07:00;17.020
2024-03-15 08:00;17.367
2024-03-15 09:00;17.311
2024-03-15 10:00;16.564
2024-03-15 11:00;16.330
2024-03-15 12:00;16.690
2024-03-15 13:00;17.296
2024-03-15 14:00;17.319
2024-03-15 15:00;16.639
2024-03-15 16:00;16.593
2024-03-15 17:00;16.828
2024-03-15 18:00;17.184
2024-03-15 19:00;17.048
2024-03-15 20:00;16.748
2024-03-15 21:00;16.398
2024-03-15 22:00;16.217
2024-03-15 23:00;16.336
2024-03-16 00:00;15.806
2024-03-16 01:00;15.773
2024-03-16 02:00;15.558
2024-03-16 03:00;15.526
2024-03-16 04:00;15.805
2024-03-16 05:00;16.260
2024-03-16 06:00;16.847
2024-03-16 07:00;17.082
2024-03-16 08:00;17.100
2024-03-16 09:00;16.876
2024-03-16 10:00;16.734
2024-03-16 11:00;16.777
2024-03-16 12:00;16.885
2024-03-16 13:00;17.288
2024-03-16 14:00;17.589
2024-03-16 15:00;17.840
2024-03-16 16:00;18.422
2024-03-16 17:00;18.514
2024-03-16 18:00;18.768
2024-03-16 19:00;18.856
2024-03-16 20:00;18.853
2024-03-16 21:00;18.525
2024-03-16 22:00;18.409
2024-03-16 23:00;18.199
2024-03-17 00:00;18.056
2024-03-17 01:00;18.067
2024-03-17 02:00;18.250
2024-03-17 03:00;18.431
2024-03-17 04:00;18.639
2024-03-17 05:00;18.745
2024-03-17 06:00;18.898
2024-03-17 07:00;19.049
2024-03-17 08:00;18.837
2024-03-17 09:00;18.495
2024-03-17 10:00;18.529
2024-03-17 11:00;18.412
2024-03-17 12:00;18.599
2024-03-17 13:00;18.701
2024-03-17 14:00;18.823
2024-03-17 15:00;19.082
2024-03-17 16:00;19.215
2024-03-17 17:00;19.508
2024-03-17 18:00;19.539
2024-03-17 19:00;19.393
2024-03-17 20:00;19.386
2024-03-17 21:00;19.484
2024-03-17 22:00;19.428
2024-03-17 23:00;19.242
2024-03-18 00:00;19.819
2024-03-18 01:00;19.920
2024-03-18 02:00;20.357
2024-03-18 03:00;20.449
2024-03-18 04:00;20.485
2024-03-18 05:00;20.679
2024-03-18 06:00;20.899
2024-03-18 07:00;21.051
2024-03-18 08:00;21.485
2024-03-18 09:00;21.408
2024-03-18 10:00;21.054
2024-03-18 11:00;20.785
2024-03-18 12:00;20.732
2024-03-18 13:00;20.883
2024-03-18 14:00;20.886
2024-03-18 15:00;20.582
2024-03-18 16:00;20.811
2024-03-18 17:00;21.083
2024-03-18 18:00;21.130
2024-03-18 19:00;20.989
2024-03-18 20:00;20.834
2024-03-18 21:00;20.452
2024-03-18 22:00;19.918
2024-03-18 23:00;19.703
2024-03-19 00:00;19.577
2024-03-19 01:00;19.549
2024-03-19 02:00;19.732
2024-03-19 03:00;19.815
2024-03-19 04:00;20.155
2024-03-19 05:00;20.218
2024-03-19 06:00;20.361
2024-03-19 07:00;20.295
2024-03-19 08:00;20.188
2024-03-19 09:00;19.432
2024-03-19 10:00;19.555
2024-03-19 11:00;19.802
2024-03-19 12:00;19.614
2024-03-19 13:00;19.656
2024-03-19 14:00;19.759
2024-03-19 15:00;19.630
2024-03-19 16:00;19.544
2024-03-19 17:00;19.417
2024-03-19 18:00;19.304
2024-03-19 19:00;19.384
2024-03-19 20:00;19.098
2024-03-19 21:00;18.898
2024-03-19 22:00;18.795
2024-03-19 23:00;18.548
2024-03-20 00:00;18.336
2024-03-20 01:00;17.942
2024-03-20 02:00;17.733
2024-03-20 03:00;17.923
2024-03-20 04:00;17.960
2024-03-20 05:00;18.194
2024-03-20 06:00;18.253
2024-03-20 07:00;18.192
2024-03-20 08:00;17.934
2024-03-20 09:00;17.664
2024-03-20 10:00;17.468
2024-03-20 11:00;17.322
2024-03-20 12:00;17.156
2024-03-20 13:00;17.073
2024-03-20 14:00;17.105
2024-03-20 15:00;16.958
2024-03-20 16:00;16.912
2024-03-20 17:00;16.915
2024-03-20 18:00;17.037
2024-03-20 19:00;16.769
2024-03-20 20:00;16.214
2024-03-20 21:00;15.925
2024-03-20 22:00;15.750
2024-03-20 23:00;15.677
2024-03-21 00:00;15.670
2024-03-21 01:00;15.682
2024-03-21 02:00;15.737
2024-03-21 03:00;15.844
2024-03-21 04:00;15.855
2024-03-21 05:00;15.912
2024-03-21 06:00;16.492
2024-03-21 07:00;17.097
2024-03-21 08:00;17.577
2024-03-21 09:00;17.708
2024-03-21 10:00;17.487
2024-03-21 11:00;17.420
2024-03-21 12:00;17.315
2024-03-21 13:00;17.081
2024-03-21 14:00;16.949
2024-03-21 15:00;17.188
2024-03-21 16:00;17.301
2024-03-21 17:00;17.556
2024-03-21 18:00;18.186
2024-03-21 19:00;18.003
2024-03-21 20:00;17.511
2024-03-21 21:00;17.180
2024-03-21 22:00;17.098
2024-03-21 23:00;16.900
2024-03-22 00:00;16.492
2024-03-22 01:00;16.504
2024-03-22 02:00;16.627
2024-03-22 03:00;16.773
2024-03-22 04:00;17.060
2024-03-22 05:00;17.202
2024-03-22 06:00;17.409
2024-03-22 07:00;17.488
2024-03-22 08:00;17.442
2024-03-22 09:00;17.367
2024-03-22 10:00;17.401
2024-03-22 11:00;17.450
2024-03-22 12:00;17.467
2024-03-22 13:00;17.655
2024-03-22 14:00;17.949
2024-03-22 15:00;18.056
2024-03-22 16:00;18.055
2024-03-22 17:00;18.145
2024-03-22 18:00;18.367
2024-03-22 19:00;18.428
2024-03-22 20:00;18.231
2024-03-22 21:00;18.246
2024-03-22 22:00;17.999
2024-03-22 23:00;17.554
2024-03-23 00:00;17.298
2024-03-23 01:00;17.164
2024-03-23 02:00;16.986
2024-03-23 03:00;16.973
2024-03-23 04:00;17.192
2024-03-23 05:00;17.571
2024-03-23 06:00;17.912
2024-03-23 07:00;18.081
2024-03-23 08:00;18.011
2024-03-23 09:00;17.907
2024-03-23 10:00;17.490
2024-03-23 11:00;17.507
2024-03-23 12:00;17.595
2024-03-23 13:00;17.571
2024-03-23 14:00;17.603
2024-03-23 15:00;18.025
2024-03-23 16:00;18.042
2024-03-23 17:00;18.168
2024-03-23 18:00;18.412
2024-03-23 19:00;18.401
2024-03-23 20:00;18.261
2024-03-23 21:00;17.836
2024-03-23 22:00;17.579
2024-03-23 23:00;17.331
2024-03-24 00:00;17.223
2024-03-24 01:00;17.174
2024-03-24 02:00;17.182
2024-03-24 03:00;17.464
2024-03-24 04:00;17.939
2024-03-24 05:00;18.161
2024-03-24 06:00;17.997
2024-03-24 07:00;17.970
2024-03-24 08:00;18.084
2024-03-24 09:00;17.993
2024-03-24 10:00;18.206
2024-03-24 11:00;18.047
2024-03-24 12:00;18.018
2024-03-24 13:00;17.928
2024-03-24 14:00;18.004
2024-03-24 15:00;18.086
2024-03-24 16:00;18.253
2024-03-24 17:00;18.186
2024-03-24 18:00;18.280
2024-03-24 19:00;18.621
2024-03-24 20:00;18.515
2024-03-24 21:00;18.365
2024-03-24 22:00;18.088
2024-03-24 23:00;17.790
2024-03-25 00:00;18.100
2024-03-25 01:00;18.074
2024-03-25 02:00;18.265
2024-03-25 03:00;18.526
2024-03-25 04:00;18.764
2024-03-25 05:00;18.885
2024-03-25 06:00;19.247
2024-03-25 07:00;19.562
2024-03-25 08:00;19.410
2024-03-25 09:00;19.071
2024-03-25 10:00;18.865
2024-03-25 11:00;18.779
2024-03-25 12:00;18.933
2024-03-25 13:00;19.086
2024-03-25 14:00;19.148
2024-03-25 15:00;19.553
2024-03-25 16:00;19.699
2024-03-25 17:00;19.826
2024-03-25 18:00;19.924
2024-03-25 19:00;19.874
2024-03-25 20:00;19.695
2024-03-25 21:00;19.413
2024-03-25 22:00;18.893
2024-03-25 23:00;18.686
2024-03-26 00:00;18.619
2024-03-26 01:00;18.692
2024-03-26 02:00;19.464
2024-03-26 03:00;19.456
2024-03-26 04:00;19.006
2024-03-26 05:00;18.794
2024-03-26 06:00;18.796
2024-03-26 07:00;18.793
2024-03-26 08:00;18.539
2024-03-26 09:00;18.146
2024-03-26 10:00;18.028
2024-03-26 11:00;18.179
2024-03-26 12:00;18.014
2024-03-26 13:00;17.786
2024-03-26 14:00;17.775
2024-03-26 15:00;17.497
2024-03-26 16:00;17.397
2024-03-26 17:00;17.422
2024-03-26 18:00;17.351
2024-03-26 19:00;17.427
2024-03-26 20:00;17.211
2024-03-26 21:00;16.965
2024-03-26 22:00;16.638
2024-03-26 23:00;16.284
2024-03-27 00:00;16.125
2024-03-27 01:00;16.257
2024-03-27 02:00;16.738
2024-03-27 03:00;16.878
2024-03-27 04:00;16.498
2024-03-27 05:00;16.607
2024-03-27 06:00;16.770
2024-03-27 07:00;16.922
2024-03-27 08:00;16.790
2024-03-27 09:00;16.572
2024-03-27 10:00;16.437
2024-03-27 11:00;16.118
2024-03-27 12:00;16.043
2024-03-27 13:00;16.027
2024-03-27 14:00;16.101
2024-03-27 15:00;16.157
2024-03-27 16:00;16.236
2024-03-27 17:00;16.300
2024-03-27 18:00;16.292
2024-03-27 19:00;16.311
2024-03-27 20:00;16.183
2024-03-27 21:00;15.857
2024-03-27 22:00;15.429
2024-03-27 23:00;15.589
2024-03-28 00:00;15.923
2024-03-28 01:00;15.997
2024-03-28 02:00;16.116
2024-03-28 03:00;16.261
2024-03-28 04:00;16.434
2024-03-28 05:00;16.851
2024-03-28 06:00;17.053
2024-03-28 07:00;17.320
2024-03-28 08:00;17.193
2024-03-28 09:00;17.336
2024-03-28 10:00;17.835
2024-03-28 11:00;18.134
2024-03-28 12:00;18.064
2024-03-28 13:00;17.771
2024-03-28 14:00;17.621
2024-03-28 15:00;17.469
2024-03-28 16:00;17.576
2024-03-28 17:00;17.737
2024-03-28 18:00;18.226
2024-03-28 19:00;18.353
2024-03-28 20:00;18.117
2024-03-28 21:00;17.690
2024-03-28 22:00;17.458
2024-03-28 23:00;16.909
2024-03-29 00:00;16.696
2024-03-29 01:00;16.801
2024-03-29 02:00;16.985
2024-03-29 03:00;16.618
2024-03-29 04:00;16.561
2024-03-29 05:00;16.888
2024-03-29 06:00;16.879
2024-03-29 07:00;17.354
2024-03-29 08:00;17.550
2024-03-29 09:00;17.311
2024-03-29 10:00;16.992
2024-03-29 11:00;16.942
2024-03-29 12:00;16.695
2024-03-29 13:00;16.832
2024-03-29 14:00;16.743
2024-03-29 15:00;16.673
2024-03-29 16:00;16.950
2024-03-29 17:00;17.057
2024-03-29 18:00;17.031
2024-03-29 19:00;16.912
2024-03-29 20:00;16.635
2024-03-29 21:00;16.303
2024-03-29 22:00;15.928
2024-03-29 23:00;15.680
2024-03-30 00:00;15.144
2024-03-30 01:00;15.114
2024-03-30 02:00;15.161
2024-03-30 03:00;15.353
2024-03-30 04:00;15.398
2024-03-30 05:00;15.340
2024-03-30 06:00;15.307
2024-03-30 07:00;15.233
2024-03-30 08:00;15.236
2024-03-30 09:00;15.307
2024-03-30 10:00;15.300
2024-03-30 11:00;15.104
2024-03-30 12:00;14.778
2024-03-30 13:00;14.531
2024-03-30 14:00;14.454
2024-03-30 15:00;14.587
2024-03-30 16:00;14.862
2024-03-30 17:00;14.992
2024-03-30 18:00;14.695
2024-03-30 19:00;14.527
2024-03-30 20:00;14.370
2024-03-30 21:00;14.136
2024-03-30 22:00;13.960
2024-03-30 23:00;13.995
2024-03-31 00:00;14.194
2024-03-31 01:00;14.267
2024-03-31 02:00;14.384
2024-03-31 03:00;14.506
2024-03-31 04:00;14.779
2024-03-31 05:00;15.150
2024-03-31 06:00;15.463
2024-03-31 07:00;15.481
2024-03-31 08:00;15.686
2024-03-31 09:00;15.877
2024-03-31 10:00;16.099
2024-03-31 11:00;16.079
2024-03-31 12:00;15.940
2024-03-31 13:00;15.965
2024-03-31 14:00;16.050
2024-03-31 15:00;16.115
2024-03-31 16:00;16.348
2024-03-31 17:00;16.193
2024-03-31 18:00;16.069
2024-03-31 19:00;15.931
2024-03-31 20:00;16.020
2024-03-31 21:00;16.027
2024-03-31 22:00;15.961
2024-03-31 23:00;15.693
2024-04-01 00:00;16.148
2024-04-01 01:00;16.231
2024-04-01 02:00;16.936
2024-04-01 03:00;17.019
2024-04-01 04:00;17.103
2024-04-01 05:00;17.039
2024-04-01 06:00;17.022
2024-04-01 07:00;17.359
2024-04-01 08:00;17.876
2024-04-01 09:00;17.852
2024-04-01 10:00;17.730
2024-04-01 11:00;17.677
2024-04-01 12:00;17.984
2024-04-01 13:00;18.482
2024-04-01 14:00;18.249
2024-04-01 15:00;17.993
2024-04-01 16:00;17.708
2024-04-01 17:00;17.280
2024-04-01 18:00;17.434
2024-04-01 19:00;17.683
2024-04-01 20:00;17.894
2024-04-01 21:00;17.823
2024-04-01 22:00;17.833
2024-04-01 23:00;17.478
2024-04-02 00:00;16.988
2024-04-02 01:00;16.931
2024-04-02 02:00;17.291
2024-04-02 03:00;17.767
2024-04-02 04:00;17.795
2024-04-02 05:00;17.903
2024-04-02 06:00;18.294
2024-04-02 07:00;18.607
2024-04-02 08:00;18.681
2024-04-02 09:00;18.731
2024-04-02 10:00;18.580
2024-04-02 11:00;18.550
2024-04-02 12:00;18.913
2024-04-02 13:00;19.458
2024-04-02 14:00;19.798
2024-04-02 15:00;19.280
2024-04-02 16:00;19.102
2024-04-02 17:00;19.177
2024-04-02 18:00;19.434
2024-04-02 19:00;19.410
2024-04-02 20:00;19.212
2024-04-02 21:00;19.335
2024-04-02 22:00;19.439
2024-04-02 23:00;19.367
2024-04-03 00:00;19.399
2024-04-03 01:00;19.285
2024-04-03 02:00;19.074
2024-04-03 03:00;18.938
2024-04-03 04:00;19.180
2024-04-03 05:00;19.588
2024-04-03 06:00;19.643
2024-04-03 07:00;19.827
2024-04-03 08:00;19.800
2024-04-03 09:00;19.557
2024-04-03 10:00;19.336
2024-04-03 11:00;19.415
2024-04-03 12:00;19.408
2024-04-03 13:00;19.355
2024-04-03 14:00;19.169
2024-04-03 15:00;19.082
2024-04-03 16:00;19.092
2024-04-03 17:00;19.030
2024-04-03 18:00;19.249
2024-04-03 19:00;18.981
2024-04-03 20:00;18.315
2024-04-03 21:00;17.982
2024-04-03 22:00;17.795
2024-04-03 23:00;17.514
2024-04-04 00:00;17.191
2024-04-04 01:00;17.078
2024-04-04 02:00;16.825
2024-04-04 03:00;17.083
2024-04-04 04:00;17.454
2024-04-04 05:00;17.685
2024-04-04 06:00;17.688
2024-04-04 07:00;17.523
2024-04-04 08:00;17.355
2024-04-04 09:00;17.310
2024-04-04 10:00;17.222
2024-04-04 11:00;17.205
2024-04-04 12:00;17.443
2024-04-04 13:00;17.742
2024-04-04 14:00;17.871
2024-04-04 15:00;17.813
2024-04-04 16:00;17.686
2024-04-04 17:00;17.377
2024-04-04 18:00;17.297
2024-04-04 19:00;17.324
2024-04-04 20:00;17.427
2024-04-04 21:00;17.230
2024-04-04 22:00;17.133
2024-04-04 23:00;16.877
2024-04-05 00:00;16.726
2024-04-05 01:00;16.429
2024-04-05 02:00;16.292
2024-04-05 03:00;16.528
2024-04-05 04:00;16.476
2024-04-05 05:00;16.700
2024-04-05 06:00;17.122
2024-04-05 07:00;17.260
2024-04-05 08:00;17.341
2024-04-05 09:00;17.274
2024-04-05 10:00;17.138
2024-04-05 11:00;16.817
2024-04-05 12:00;16.777
2024-04-05 13:00;16.543
2024-04-05 14:00;16.722
2024-04-05 15:00;16.979
2024-04-05 16:00;17.426
2024-04-05 17:00;17.278
2024-04-05 18:00;16.742
2024-04-05 19:00;16.224
2024-04-05 20:00;15.991
2024-04-05 21:00;15.971
2024-04-05 22:00;15.793
2024-04-05 23:00;15.546
2024-04-06 00:00;14.844
2024-04-06 01:00;14.639
2024-04-06 02:00;14.630
2024-04-06 03:00;14.595
2024-04-06 04:00;14.474
2024-04-06 05:00;14.305
2024-04-06 06:00;14.065
2024-04-06 07:00;13.993
2024-04-06 08:00;13.991
2024-04-06 09:00;13.674
2024-04-06 10:00;13.261
2024-04-06 11:00;12.995
2024-04-06 12:00;13.093
2024-04-06 13:00;12.879
2024-04-06 14:00;12.713
2024-04-06 15:00;12.309
2024-04-06 16:00;12.250
2024-04-06 17:00;12.177
2024-04-06 18:00;12.124
2024-04-06 19:00;11.741
2024-04-06 20:00;11.213
2024-04-06 21:00;10.948
2024-04-06 22:00;10.852
2024-04-06 23:00;10.792
2024-04-07 00:00;10.629
2024-04-07 01:00;10.891
2024-04-07 02:00;10.887
2024-04-07 03:00;10.705
2024-04-07 04:00;10.792
2024-04-07 05:00;10.855
2024-04-07 06:00;10.815
2024-04-07 07:00;10.875
2024-04-07 08:00;11.109
2024-04-07 09:00;11.311
2024-04-07 10:00;11.364
2024-04-07 11:00;11.501
2024-04-07 12:00;11.445
2024-04-07 13:00;11.283
2024-04-07 14:00;11.401
2024-04-07 15:00;11.519
2024-04-07 16:00;11.535
2024-04-07 17:00;11.407
2024-04-07 18:00;11.467
2024-04-07 19:00;11.399
2024-04-07 20:00;11.480
2024-04-07 21:00;11.440
2024-04-07 22:00;11.118
2024-04-07 23:00;10.969
2024-04-08 00:00;11.367
2024-04-08 01:00;11.361
2024-04-08 02:00;11.336
2024-04-08 03:00;11.523
2024-04-08 04:00;11.512
2024-04-08 05:00;11.522
2024-04-08 06:00;11.591
2024-04-08 07:00;11.877
2024-04-08 08:00;12.001
2024-04-08 09:00;11.847
2024-04-08 10:00;11.675
2024-04-08 11:00;11.729
2024-04-08 12:00;11.788
2024-04-08 13:00;11.992
2024-04-08 14:00;12.078
2024-04-08 15:00;11.934
2024-04-08 16:00;11.851
2024-04-08 17:00;11.821
2024-04-08 18:00;11.907
2024-04-08 19:00;11.783
2024-04-08 20:00;11.681
2024-04-08 21:00;11.540
2024-04-08 22:00;11.493
2024-04-08 23:00;11.322
2024-04-09 00:00;11.471
2024-04-09 01:00;11.517
2024-04-09 02:00;11.653
2024-04-09 03:00;11.671
2024-04-09 04:00;11.840
2024-04-09 05:00;12.014
2024-04-09 06:00;12.255
2024-04-09 07:00;12.702
2024-04-09 08:00;12.867
2024-04-09 09:00;13.080
2024-04-09 10:00;13.102
2024-04-09 11:00;13.141
2024-04-09 12:00;13.260
2024-04-09 13:00;13.259
2024-04-09 14:00;13.192
2024-04-09 15:00;13.567
2024-04-09 16:00;13.672
2024-04-09 17:00;13.801
2024-04-09 18:00;14.038
2024-04-09 19:00;13.931
2024-04-09 20:00;13.852
2024-04-09 21:00;13.863
2024-04-09 22:00;13.659
2024-04-09 23:00;13.514
2024-04-10 00:00;13.399
2024-04-10 01:00;13.480
2024-04-10 02:00;13.747
2024-04-10 03:00;13.878
2024-04-10 04:00;14.033
2024-04-10 05:00;14.169
2024-04-10 06:00;14.373
2024-04-10 07:00;14.557
2024-04-10 08:00;14.362
2024-04-10 09:00;14.096
2024-04-10 10:00;14.363
2024-04-10 11:00;14.504
2024-04-10 12:00;14.474
2024-04-10 13:00;14.544
2024-04-10 14:00;14.719
2024-04-10 15:00;14.765
2024-04-10 16:00;14.215
2024-04-10 17:00;13.981
2024-04-10 18:00;14.185
2024-04-10 19:00;14.320
2024-04-10 20:00;14.674
2024-04-10 21:00;14.742
2024-04-10 22:00;14.218
2024-04-10 23:00;13.715
2024-04-11 00:00;13.728
2024-04-11 01:00;13.819
2024-04-11 02:00;13.944
2024-04-11 03:00;13.996
2024-04-11 04:00;14.234
2024-04-11 05:00;14.499
2024-04-11 06:00;14.788
2024-04-11 07:00;14.793
2024-04-11 08:00;14.933
2024-04-11 09:00;14.919
2024-04-11 10:00;14.784
2024-04-11 11:00;14.954
2024-04-11 12:00;15.136
2024-04-11 13:00;15.231
2024-04-11 14:00;14.776
2024-04-11 15:00;14.269
2024-04-11 16:00;14.339
2024-04-11 17:00;14.576
2024-04-11 18:00;14.673
2024-04-11 19:00;14.868
2024-04-11 20:00;14.304
2024-04-11 21:00;13.753
2024-04-11 22:00;13.642
2024-04-11 23:00;13.432
2024-04-12 00:00;13.317
2024-04-12 01:00;13.399
2024-04-12 02:00;13.576
2024-04-12 03:00;13.840
2024-04-12 04:00;13.713
2024-04-12 05:00;14.014
2024-04-12 06:00;14.028
2024-04-12 07:00;13.887
2024-04-12 08:00;13.943
2024-04-12 09:00;14.083
2024-04-12 10:00;14.287
2024-04-12 11:00;14.646
2024-04-12 12:00;14.823
2024-04-12 13:00;15.005
2024-04-12 14:00;14.531
2024-04-12 15:00;14.430
2024-04-12 16:00;14.499
2024-04-12 17:00;14.541
2024-04-12 18:00;14.539
2024-04-12 19:00;14.592
2024-04-12 20:00;14.387
2024-04-12 21:00;13.970
2024-04-12 22:00;13.891
2024-04-12 23:00;13.797
2024-04-13 00:00;13.084
2024-04-13 01:00;12.952
2024-04-13 02:00;12.819
2024-04-13 03:00;12.579
2024-04-13 04:00;12.495
2024-04-13 05:00;12.612
2024-04-13 06:00;12.588
2024-04-13 07:00;12.582
2024-04-13 08:00;12.474
2024-04-13 09:00;12.438
2024-04-13 10:00;12.326
2024-04-13 11:00;12.122
2024-04-13 12:00;12.099
2024-04-13 13:00;12.130
2024-04-13 14:00;11.977
2024-04-13 15:00;11.756
2024-04-13 16:00;11.645
2024-04-13 17:00;11.863
2024-04-13 18:00;12.054
2024-04-13 19:00;12.035
2024-04-13 20:00;11.579
2024-04-13 21:00;11.394
2024-04-13 22:00;11.450
2024-04-13 23:00;11.489
2024-04-14 00:00;11.440
2024-04-14 01:00;11.269
2024-04-14 02:00;11.273
2024-04-14 03:00;11.357
2024-04-14 04:00;11.591
2024-04-14 05:00;11.849
2024-04-14 06:00;12.169
2024-04-14 07:00;12.294
2024-04-14 08:00;12.420
2024-04-14 09:00;12.602
2024-04-14 10:00;12.740
2024-04-14 11:00;12.852
2024-04-14 12:00;13.015
2024-04-14 13:00;13.088
2024-04-14 14:00;13.272
2024-04-14 15:00;13.588
2024-04-14 16:00;13.621
2024-04-14 17:00;13.245
2024-04-14 18:00;13.421
2024-04-14 19:00;13.916
2024-04-14 20:00;14.653
2024-04-14 21:00;14.646
2024-04-14 22:00;14.320
2024-04-14 23:00;13.863
2024-04-15 00:00;14.086
2024-04-15 01:00;13.946
2024-04-15 02:00;14.032
2024-04-15 03:00;14.026
2024-04-15 04:00;14.496
2024-04-15 05:00;15.159
2024-04-15 06:00;15.719
2024-04-15 07:00;15.904
2024-04-15 08:00;15.477
2024-04-15 09:00;15.042
2024-04-15 10:00;14.877
2024-04-15 11:00;14.895
2024-04-15 12:00;14.973
2024-04-15 13:00;15.402
2024-04-15 14:00;15.778
2024-04-15 15:00;16.289
2024-04-15 16:00;16.209
2024-04-15 17:00;15.950
2024-04-15 18:00;15.972
2024-04-15 19:00;15.749
2024-04-15 20:00;15.646
2024-04-15 21:00;15.767
2024-04-15 22:00;15.580
2024-04-15 23:00;15.678
2024-04-16 00:00;15.579
2024-04-16 01:00;15.607
2024-04-16 02:00;15.480
2024-04-16 03:00;15.524
2024-04-16 04:00;15.666
2024-04-16 05:00;15.656
2024-04-16 06:00;15.634
2024-04-16 07:00;15.860
2024-04-16 08:00;16.022
2024-04-16 09:00;16.087
2024-04-16 10:00;15.988
2024-04-16 11:00;15.830
2024-04-16 12:00;15.639
2024-04-16 13:00;15.841
2024-04-16 14:00;15.848
2024-04-16 15:00;15.951
2024-04-16 16:00;15.965
2024-04-16 17:00;15.800
2024-04-16 18:00;15.930
2024-04-16 19:00;16.122
2024-04-16 20:00;16.528
2024-04-16 21:00;16.175
2024-04-16 22:00;15.847
2024-04-16 23:00;15.669
2024-04-17 00:00;15.466
2024-04-17 01:00;15.312
2024-04-17 02:00;15.480
2024-04-17 03:00;15.647
2024-04-17 04:00;15.794
2024-04-17 05:00;16.060
2024-04-17 06:00;16.374
2024-04-17 07:00;16.473
2024-04-17 08:00;16.564
2024-04-17 09:00;16.269
2024-04-17 10:00;15.835
2024-04-17 11:00;15.814
2024-04-17 12:00;16.226
2024-04-17 13:00;16.568
2024-04-17 14:00;16.525
2024-04-17 15:00;16.519
2024-04-17 16:00;16.457
2024-04-17 17:00;16.596
2024-04-17 18:00;16.788
2024-04-17 19:00;16.654
2024-04-17 20:00;16.661
2024-04-17 21:00;16.591
2024-04-17 22:00;16.468
2024-04-17 23:00;16.239
2024-04-18 00:00;16.290
2024-04-18 01:00;16.319
2024-04-18 02:00;16.569
2024-04-18 03:00;16.712
2024-04-18 04:00;16.766
2024-04-18 05:00;16.849
2024-04-18 06:00;16.978
2024-04-18 07:00;17.059
2024-04-18 08:00;17.020
2024-04-18 09:00;16.585
2024-04-18 10:00;16.525
2024-04-18 11:00;16.677
2024-04-18 12:00;16.840
2024-04-18 13:00;16.787
2024-04-18 14:00;16.803
2024-04-18 15:00;16.665
2024-04-18 16:00;16.615
2024-04-18 17:00;16.486
2024-04-18 18:00;16.638
2024-04-18 19:00;16.633
2024-04-18 20:00;16.507
2024-04-18 21:00;16.333
2024-04-18 22:00;16.150
2024-04-18 23:00;15.999
2024-04-19 00:00;15.969
2024-04-19 01:00;16.252
2024-04-19 02:00;16.669
2024-04-19 03:00;16.792
2024-04-19 04:00;16.936
2024-04-19 05:00;17.014
2024-04-19 06:00;17.321
2024-04-19 07:00;17.423
2024-04-19 08:00;17.416
2024-04-19 09:00;17.582
2024-04-19 10:00;17.892
2024-04-19 11:00;17.938
2024-04-19 12:00;18.013
2024-04-19 13:00;18.230
2024-04-19 14:00;18.301
2024-04-19 15:00;18.119
2024-04-19 16:00;18.080
2024-04-19 17:00;18.370
2024-04-19 18:00;18.174
2024-04-19 19:00;18.460
2024-04-19 20:00;18.843
2024-04-19 21:00;18.152
2024-04-19 22:00;17.748
2024-04-19 23:00;17.885
2024-04-20 00:00;17.601
2024-04-20 01:00;17.560
2024-04-20 02:00;17.209
2024-04-20 03:00;17.103
2024-04-20 04:00;17.334
2024-04-20 05:00;17.394
2024-04-20 06:00;17.447
2024-04-20 07:00;17.466
2024-04-20 08:00;17.460
2024-04-20 09:00;17.577
2024-04-20 10:00;17.638
2024-04-20 11:00;17.446
2024-04-20 12:00;17.345
2024-04-20 13:00;17.028
2024-04-20 14:00;17.096
2024-04-20 15:00;17.226
2024-04-20 16:00;17.478
2024-04-20 17:00;17.488
2024-04-20 18:00;17.401
2024-04-20 19:00;17.538
2024-04-20 20:00;17.685
2024-04-20 21:00;17.434
2024-04-20 22:00;16.858
2024-04-20 23:00;16.593
2024-04-21 00:00;16.307
2024-04-21 01:00;16.324
2024-04-21 02:00;16.561
2024-04-21 03:00;16.608
2024-04-21 04:00;16.711
2024-04-21 05:00;16.723
2024-04-21 06:00;16.779
2024-04-21 07:00;16.823
2024-04-21 08:00;16.897
2024-04-21 09:00;16.675
2024-04-21 10:00;16.606
2024-04-21 11:00;16.567
2024-04-21 12:00;16.460
2024-04-21 13:00;16.532
2024-04-21 14:00;16.362
2024-04-21 15:00;16.313
2024-04-21 16:00;16.496
2024-04-21 17:00;16.348
2024-04-21 18:00;16.476
2024-04-21 19:00;16.630
2024-04-21 20:00;16.683
2024-04-21 21:00;16.735
2024-04-21 22:00;16.760
2024-04-21 23:00;16.795
2024-04-22 00:00;17.336
2024-04-22 01:00;17.291
2024-04-22 02:00;17.482
2024-04-22 03:00;17.472
2024-04-22 04:00;17.537
2024-04-22 05:00;17.763
2024-04-22 06:00;18.278
2024-04-22 07:00;18.364
2024-04-22 08:00;18.409
2024-04-22 09:00;18.175
2024-04-22 10:00;18.127
2024-04-22 11:00;18.459
2024-04-22 12:00;18.823
2024-04-22 13:00;18.777
2024-04-22 14:00;18.627
2024-04-22 15:00;18.337
2024-04-22 16:00;18.401
2024-04-22 17:00;18.552
2024-04-22 18:00;18.766
2024-04-22 19:00;18.509
2024-04-22 20:00;18.772
2024-04-22 21:00;18.631
2024-04-22 22:00;18.529
2024-04-22 23:00;18.633
2024-04-23 00:00;18.380
2024-04-23 01:00;17.966
2024-04-23 02:00;17.728
2024-04-23 03:00;17.987
2024-04-23 04:00;18.421
2024-04-23 05:00;19.058
2024-04-23 06:00;19.423
2024-04-23 07:00;19.754
2024-04-23 08:00;19.597
2024-04-23 09:00;19.130
2024-04-23 10:00;19.132
2024-04-23 11:00;19.277
2024-04-23 12:00;19.413
2024-04-23 13:00;19.263
2024-04-23 14:00;19.235
2024-04-23 15:00;19.469
2024-04-23 16:00;19.686
2024-04-23 17:00;19.986
2024-04-23 18:00;20.061
2024-04-23 19:00;19.906
2024-04-23 20:00;19.478
2024-04-23 21:00;19.306
2024-04-23 22:00;19.145
2024-04-23 23:00;18.879
2024-04-24 00:00;18.682
2024-04-24 01:00;18.825
2024-04-24 02:00;19.407
2024-04-24 03:00;19.466
2024-04-24 04:00;19.371
2024-04-24 05:00;19.403
2024-04-24 06:00;19.718
2024-04-24 07:00;19.013
2024-04-24 08:00;19.296
2024-04-24 09:00;19.097
2024-04-24 10:00;19.030
2024-04-24 11:00;18.756
2024-04-24 12:00;19.078
2024-04-24 13:00;19.361
2024-04-24 14:00;19.034
2024-04-24 15:00;19.033
2024-04-24 16:00;19.171
2024-04-24 17:00;19.203
2024-04-24 18:00;18.941
2024-04-24 19:00;19.224
2024-04-24 20:00;19.326
2024-04-24 21:00;18.993
2024-04-24 22:00;18.649
2024-04-24 23:00;18.420
2024-04-25 00:00;18.450
2024-04-25 01:00;18.424
2024-04-25 02:00;18.446
2024-04-25 03:00;18.140
2024-04-25 04:00;18.161
2024-04-25 05:00;18.365
2024-04-25 06:00;18.730
2024-04-25 07:00;18.972
2024-04-25 08:00;18.343
2024-04-25 09:00;18.222
2024-04-25 10:00;18.142
2024-04-25 11:00;18.122
2024-04-25 12:00;18.218
2024-04-25 13:00;18.327
2024-04-25 14:00;18.290
2024-04-25 15:00;18.217
2024-04-25 16:00;18.244
2024-04-25 17:00;18.378
2024-04-25 18:00;18.414
2024-04-25 19:00;18.077
2024-04-25 20:00;18.086
2024-04-25 21:00;18.123
2024-04-25 22:00;17.894
2024-04-25 23:00;17.682
2024-04-26 00:00;17.940
2024-04-26 01:00;18.045
2024-04-26 02:00;17.797
2024-04-26 03:00;17.738
2024-04-26 04:00;17.975
2024-04-26 05:00;18.384
2024-04-26 06:00;18.517
2024-04-26 07:00;18.819
2024-04-26 08:00;18.784
2024-04-26 09:00;18.506
2024-04-26 10:00;18.188
2024-04-26 11:00;17.806
2024-04-26 12:00;17.917
2024-04-26 13:00;18.121
2024-04-26 14:00;18.209
2024-04-26 15:00;18.340
2024-04-26 16:00;18.299
2024-04-26 17:00;18.231
2024-04-26 18:00;18.169
2024-04-26 19:00;18.080
2024-04-26 20:00;17.870
2024-04-26 21:00;17.560
2024-04-26 22:00;17.355
2024-04-26 23:00;17.133
2024-04-27 00:00;16.596
2024-04-27 01:00;16.383
2024-04-27 02:00;16.485
2024-04-27 03:00;16.366
2024-04-27 04:00;16.420
2024-04-27 05:00;16.257
2024-04-27 06:00;15.977
2024-04-27 07:00;15.724
2024-04-27 08:00;15.676
2024-04-27 09:00;15.784
2024-04-27 10:00;15.954
2024-04-27 11:00;15.457
2024-04-27 12:00;15.277
2024-04-27 13:00;14.952
2024-04-27 14:00;14.515
2024-04-27 15:00;14.383
2024-04-27 16:00;14.331
2024-04-27 17:00;14.035
2024-04-27 18:00;14.042
2024-04-27 19:00;14.162
2024-04-27 20:00;13.980
2024-04-27 21:00;13.622
2024-04-27 22:00;13.034
2024-04-27 23:00;12.612
2024-04-28 00:00;12.351
2024-04-28 01:00;12.086
2024-04-28 02:00;12.519
2024-04-28 03:00;12.487
2024-04-28 04:00;12.574
2024-04-28 05:00;12.787
2024-04-28 06:00;12.827
2024-04-28 07:00;12.501
2024-04-28 08:00;11.974
2024-04-28 09:00;11.821
2024-04-28 10:00;11.479
2024-04-28 11:00;11.734
2024-04-28 12:00;11.720
2024-04-28 13:00;11.613
2024-04-28 14:00;11.578
2024-04-28 15:00;11.576
2024-04-28 16:00;11.501
2024-04-28 17:00;11.583
2024-04-28 18:00;11.400
2024-04-28 19:00;11.241
2024-04-28 20:00;11.308
2024-04-28 21:00;11.255
2024-04-28 22:00;11.175
2024-04-28 23:00;11.238
2024-04-29 00:00;11.585
2024-04-29 01:00;11.466
2024-04-29 02:00;11.563
2024-04-29 03:00;11.646
2024-04-29 04:00;11.657
2024-04-29 05:00;11.939
2024-04-29 06:00;12.131
2024-04-29 07:00;12.174
2024-04-29 08:00;12.158
2024-04-29 09:00;12.101
2024-04-29 10:00;12.051
2024-04-29 11:00;11.872
2024-04-29 12:00;11.777
2024-04-29 13:00;11.737
2024-04-29 14:00;11.633
2024-04-29 15:00;11.422
2024-04-29 16:00;11.370
2024-04-29 17:00;11.293
2024-04-29 18:00;11.275
2024-04-29 19:00;11.134
2024-04-29 20:00;11.061
2024-04-29 21:00;11.010
2024-04-29 22:00;10.852
2024-04-29 23:00;10.737
2024-04-30 00:00;10.808
2024-04-30 01:00;10.789
2024-04-30 02:00;10.949
2024-04-30 03:00;11.005
2024-04-30 04:00;11.094
2024-04-30 05:00;11.075
2024-04-30 06:00;11.158
2024-04-30 07:00;11.237
2024-04-30 08:00;11.481
2024-04-30 09:00;11.711
2024-04-30 10:00;11.523
2024-04-30 11:00;11.361
2024-04-30 12:00;11.345
2024-04-30 13:00;11.278
2024-04-30 14:00;10.862
2024-04-30 15:00;10.729
2024-04-30 16:00;10.629
2024-04-30 17:00;10.549
2024-04-30 18:00;10.487
2024-04-30 19:00;10.503
2024-04-30 20:00;10.548
2024-04-30 21:00;10.370
2024-04-30 22:00;10.131
2024-04-30 23:00;9.920
2024-05-01 00:00;9.849
2024-05-01 01:00;9.775
2024-05-01 02:00;9.596
2024-05-01 03:00;9.744
2024-05-01 04:00;9.899
2024-05-01 05:00;9.817
2024-05-01 06:00;9.945
2024-05-01 07:00;10.080
2024-05-01 08:00;9.982
2024-05-01 09:00;10.137
2024-05-01 10:00;10.147
2024-05-01 11:00;10.146
2024-05-01 12:00;10.152
2024-05-01 13:00;10.146
2024-05-01 14:00;10.036
2024-05-01 15:00;9.879
2024-05-01 16:00;9.853
2024-05-01 17:00;9.769
2024-05-01 18:00;9.905
2024-05-01 19:00;9.854
2024-05-01 20:00;9.940
2024-05-01 21:00;9.905
2024-05-01 22:00;9.679
2024-05-01 23:00;9.524
2024-05-02 00:00;9.398
2024-05-02 01:00;9.374
2024-05-02 02:00;9.345
2024-05-02 03:00;9.473
2024-05-02 04:00;9.679
2024-05-02 05:00;9.627
2024-05-02 06:00;9.796
2024-05-02 07:00;9.786
2024-05-02 08:00;9.606
2024-05-02 09:00;9.556
2024-05-02 10:00;9.617
2024-05-02 11:00;9.781
2024-05-02 12:00;9.603
2024-05-02 13:00;9.677
2024-05-02 14:00;9.788
2024-05-02 15:00;9.771
2024-05-02 16:00;9.709
2024-05-02 17:00;9.574
2024-05-02 18:00;9.428
2024-05-02 19:00;9.413
2024-05-02 20:00;9.308
2024-05-02 21:00;9.156
2024-05-02 22:00;9.242
2024-05-02 23:00;9.328
2024-05-03 00:00;9.179
2024-05-03 01:00;8.923
2024-05-03 02:00;8.866
2024-05-03 03:00;8.880
2024-05-03 04:00;8.783
2024-05-03 05:00;8.952
2024-05-03 06:00;9.195
2024-05-03 07:00;9.335
2024-05-03 08:00;9.189
2024-05-03 09:00;8.947
2024-05-03 10:00;9.049
2024-05-03 11:00;9.168
2024-05-03 12:00;9.124
2024-05-03 13:00;9.076
2024-05-03 14:00;9.065
2024-05-03 15:00;9.077
2024-05-03 16:00;9.095
2024-05-03 17:00;9.122
2024-05-03 18:00;8.983
2024-05-03 19:00;9.035
2024-05-03 20:00;8.959
2024-05-03 21:00;8.724
2024-05-03 22:00;8.668
2024-05-03 23:00;8.588
2024-05-04 00:00;8.070
2024-05-04 01:00;8.062
2024-05-04 02:00;8.020
2024-05-04 03:00;8.005
2024-05-04 04:00;8.059
2024-05-04 05:00;7.919
2024-05-04 06:00;8.020
2024-05-04 07:00;8.328
2024-05-04 08:00;8.438
2024-05-04 09:00;8.365
2024-05-04 10:00;8.259
2024-05-04 11:00;8.226
2024-05-04 12:00;8.343
2024-05-04 13:00;8.446
2024-05-04 14:00;8.518
2024-05-04 15:00;8.514
2024-05-04 16:00;8.479
2024-05-04 17:00;8.608
2024-05-04 18:00;8.628
2024-05-04 19:00;8.334
2024-05-04 20:00;8.219
2024-05-04 21:00;8.042
2024-05-04 22:00;8.084
2024-05-04 23:00;8.247
2024-05-05 00:00;8.176
2024-05-05 01:00;8.189
2024-05-05 02:00;8.176
2024-05-05 03:00;8.176
2024-05-05 04:00;8.200
2024-05-05 05:00;8.434
2024-05-05 06:00;8.571
2024-05-05 07:00;8.876
2024-05-05 08:00;9.036
2024-05-05 09:00;9.142
2024-05-05 10:00;9.392
2024-05-05 11:00;9.423
2024-05-05 12:00;9.461
2024-05-05 13:00;9.659
2024-05-05 14:00;9.576
2024-05-05 15:00;9.662
2024-05-05 16:00;9.832
2024-05-05 17:00;10.082
2024-05-05 18:00;9.969
2024-05-05 19:00;10.086
2024-05-05 20:00;9.987
2024-05-05 21:00;9.913
2024-05-05 22:00;9.990
2024-05-05 23:00;9.711
2024-05-06 00:00;10.068
2024-05-06 01:00;10.083
2024-05-06 02:00;10.088
2024-05-06 03:00;10.176
2024-05-06 04:00;10.271
2024-05-06 05:00;10.383
2024-05-06 06:00;10.473
2024-05-06 07:00;10.656
2024-05-06 08:00;10.595
2024-05-06 09:00;10.221
2024-05-06 10:00;9.898
2024-05-06 11:00;10.157
2024-05-06 12:00;10.304
2024-05-06 13:00;10.353
2024-05-06 14:00;10.326
2024-05-06 15:00;10.247
2024-05-06 16:00;10.121
2024-05-06 17:00;9.973
2024-05-06 18:00;10.294
2024-05-06 19:00;10.007
2024-05-06 20:00;9.834
2024-05-06 21:00;9.855
2024-05-06 22:00;9.856
2024-05-06 23:00;9.969
2024-05-07 00:00;9.984
2024-05-07 01:00;10.021
2024-05-07 02:00;10.160
2024-05-07 03:00;10.097
2024-05-07 04:00;10.175
2024-05-07 05:00;10.385
2024-05-07 06:00;10.656
2024-05-07 07:00;10.697
2024-05-07 08:00;10.758
2024-05-07 09:00;10.830
2024-05-07 10:00;10.725
2024-05-07 11:00;10.732
2024-05-07 12:00;10.682
2024-05-07 13:00;10.692
2024-05-07 14:00;10.750
2024-05-07 15:00;10.737
2024-05-07 16:00;10.770
2024-05-07 17:00;10.824
2024-05-07 18:00;11.119
2024-05-07 19:00;10.908
2024-05-07 20:00;10.849
2024-05-07 21:00;10.835
2024-05-07 22:00;10.699
2024-05-07 23:00;10.564
2024-05-08 00:00;10.446
2024-05-08 01:00;10.371
2024-05-08 02:00;10.497
2024-05-08 03:00;10.512
2024-05-08 04:00;10.610
2024-05-08 05:00;10.562
2024-05-08 06:00;10.639
2024-05-08 07:00;10.585
2024-05-08 08:00;10.258
2024-05-08 09:00;10.066
2024-05-08 10:00;9.968
2024-05-08 11:00;10.148
2024-05-08 12:00;10.273
2024-05-08 13:00;10.322
2024-05-08 14:00;10.152
2024-05-08 15:00;10.032
2024-05-08 16:00;9.921
2024-05-08 17:00;10.213
2024-05-08 18:00;10.004
2024-05-08 19:00;9.895
2024-05-08 20:00;9.791
2024-05-08 21:00;9.687
2024-05-08 22:00;9.745
2024-05-08 23:00;9.511
2024-05-09 00:00;9.438
2024-05-09 01:00;9.417
2024-05-09 02:00;9.458
2024-05-09 03:00;9.510
2024-05-09 04:00;9.646
2024-05-09 05:00;9.677
2024-05-09 06:00;9.589
2024-05-09 07:00;9.282
2024-05-09 08:00;9.232
2024-05-09 09:00;9.438
2024-05-09 10:00;9.233
2024-05-09 11:00;9.325
2024-05-09 12:00;9.618
2024-05-09 13:00;9.707
2024-05-09 14:00;9.803
2024-05-09 15:00;9.744
2024-05-09 16:00;9.730
2024-05-09 17:00;9.576
2024-05-09 18:00;9.540
2024-05-09 19:00;9.358
2024-05-09 20:00;9.424
2024-05-09 21:00;9.253
2024-05-09 22:00;9.235
2024-05-09 23:00;9.436
2024-05-10 00:00;9.212
2024-05-10 01:00;9.281
2024-05-10 02:00;9.357
2024-05-10 03:00;9.518
2024-05-10 04:00;9.565
2024-05-10 05:00;9.785
2024-05-10 06:00;9.757
2024-05-10 07:00;9.813
2024-05-10 08:00;9.741
2024-05-10 09:00;9.840
2024-05-10 10:00;9.916
2024-05-10 11:00;9.989
2024-05-10 12:00;10.099
2024-05-10 13:00;10.213
2024-05-10 14:00;10.274
2024-05-10 15:00;10.254
2024-05-10 16:00;10.246
2024-05-10 17:00;10.483
2024-05-10 18:00;10.327
2024-05-10 19:00;10.286
2024-05-10 20:00;10.258
2024-05-10 21:00;10.292
2024-05-10 22:00;10.268
2024-05-10 23:00;10.089
2024-05-11 00:00;9.487
2024-05-11 01:00;9.245
2024-05-11 02:00;9.247
2024-05-11 03:00;9.342
2024-05-11 04:00;9.425
2024-05-11 05:00;9.365
2024-05-11 06:00;9.383
2024-05-11 07:00;9.491
2024-05-11 08:00;9.279
2024-05-11 09:00;9.309
2024-05-11 10:00;9.228
2024-05-11 11:00;9.025
2024-05-11 12:00;8.901
2024-05-11 13:00;8.885
2024-05-11 14:00;8.906
2024-05-11 15:00;8.848
2024-05-11 16:00;8.471
2024-05-11 17:00;8.675
2024-05-11 18:00;8.614
2024-05-11 19:00;8.207
2024-05-11 20:00;7.893
2024-05-11 21:00;7.855
2024-05-11 22:00;7.801
2024-05-11 23:00;7.793
2024-05-12 00:00;7.866
2024-05-12 01:00;7.844
2024-05-12 02:00;7.761
2024-05-12 03:00;7.860
2024-05-12 04:00;8.018
2024-05-12 05:00;8.082
2024-05-12 06:00;8.095
2024-05-12 07:00;8.189
2024-05-12 08:00;8.327
2024-05-12 09:00;8.378
2024-05-12 10:00;8.414
2024-05-12 11:00;8.397
2024-05-12 12:00;8.193
2024-05-12 13:00;8.213
2024-05-12 14:00;8.341
2024-05-12 15:00;8.377
2024-05-12 16:00;8.310
2024-05-12 17:00;8.321
2024-05-12 18:00;8.395
2024-05-12 19:00;8.315
2024-05-12 20:00;8.198
2024-05-12 21:00;8.174
2024-05-12 22:00;8.059
2024-05-12 23:00;8.127
2024-05-13 00:00;8.548
2024-05-13 01:00;8.542
2024-05-13 02:00;8.521
2024-05-13 03:00;8.579
2024-05-13 04:00;8.598
2024-05-13 05:00;8.690
2024-05-13 06:00;8.624
2024-05-13 07:00;8.505
2024-05-13 08:00;8.578
2024-05-13 09:00;8.600
2024-05-13 10:00;8.672
2024-05-13 11:00;8.570
2024-05-13 12:00;8.714
2024-05-13 13:00;8.651
2024-05-13 14:00;8.684
2024-05-13 15:00;8.629
2024-05-13 16:00;8.637
2024-05-13 17:00;8.331
2024-05-13 18:00;8.286
2024-05-13 19:00;8.139
2024-05-13 20:00;8.192
2024-05-13 21:00;8.233
2024-05-13 22:00;7.998
2024-05-13 23:00;7.972
2024-05-14 00:00;7.839
2024-05-14 01:00;7.960
2024-05-14 02:00;7.819
2024-05-14 03:00;7.894
2024-05-14 04:00;7.898
2024-05-14 05:00;7.933
2024-05-14 06:00;7.972
2024-05-14 07:00;8.064
2024-05-14 08:00;8.024
2024-05-14 09:00;7.980
2024-05-14 10:00;7.911
2024-05-14 11:00;7.918
2024-05-14 12:00;7.833
2024-05-14 13:00;7.871
2024-05-14 14:00;7.759
2024-05-14 15:00;7.656
2024-05-14 16:00;7.511
2024-05-14 17:00;7.524
2024-05-14 18:00;7.536
2024-05-14 19:00;7.497
2024-05-14 20:00;7.548
2024-05-14 21:00;7.471
2024-05-14 22:00;7.304
2024-05-14 23:00;7.205
2024-05-15 00:00;7.084
2024-05-15 01:00;7.125
2024-05-15 02:00;7.085
2024-05-15 03:00;7.094
2024-05-15 04:00;7.231
2024-05-15 05:00;7.366
2024-05-15 06:00;7.447
2024-05-15 07:00;7.390
2024-05-15 08:00;7.226
2024-05-15 09:00;7.313
2024-05-15 10:00;7.332
2024-05-15 11:00;7.418
2024-05-15 12:00;7.488
2024-05-15 13:00;7.508
2024-05-15 14:00;7.562
2024-05-15 15:00;7.504
2024-05-15 16:00;7.424
2024-05-15 17:00;7.272
2024-05-15 18:00;7.112
2024-05-15 19:00;6.952
2024-05-15 20:00;6.791
2024-05-15 21:00;6.594
2024-05-15 22:00;6.456
2024-05-15 23:00;6.537
2024-05-16 00:00;6.517
2024-05-16 01:00;6.498
2024-05-16 02:00;6.483
2024-05-16 03:00;6.557
2024-05-16 04:00;6.575
2024-05-16 05:00;6.611
2024-05-16 06:00;6.901
2024-05-16 07:00;6.897
2024-05-16 08:00;6.841
2024-05-16 09:00;6.976
2024-05-16 10:00;7.173
2024-05-16 11:00;7.056
2024-05-16 12:00;6.947
2024-05-16 13:00;7.000
2024-05-16 14:00;7.016
2024-05-16 15:00;7.014
2024-05-16 16:00;7.128
2024-05-16 17:00;7.267
2024-05-16 18:00;7.068
2024-05-16 19:00;6.876
2024-05-16 20:00;6.813
2024-05-16 21:00;6.798
2024-05-16 22:00;6.708
2024-05-16 23:00;6.656
2024-05-17 00:00;6.557
2024-05-17 01:00;6.387
2024-05-17 02:00;6.520
2024-05-17 03:00;6.520
2024-05-17 04:00;6.658
2024-05-17 05:00;6.626
2024-05-17 06:00;6.683
2024-05-17 07:00;6.634
2024-05-17 08:00;6.635
2024-05-17 09:00;6.607
2024-05-17 10:00;6.681
2024-05-17 11:00;6.365
2024-05-17 12:00;6.433
2024-05-17 13:00;6.543
2024-05-17 14:00;6.638
2024-05-17 15:00;6.713
2024-05-17 16:00;6.597
2024-05-17 17:00;6.683
2024-05-17 18:00;6.603
2024-05-17 19:00;6.513
2024-05-17 20:00;6.329
2024-05-17 21:00;6.286
2024-05-17 22:00;6.212
2024-05-17 23:00;6.096
2024-05-18 00:00;5.593
2024-05-18 01:00;5.698
2024-05-18 02:00;5.785
2024-05-18 03:00;5.778
2024-05-18 04:00;5.825
2024-05-18 05:00;5.925
2024-05-18 06:00;5.973
2024-05-18 07:00;6.009
2024-05-18 08:00;6.026
2024-05-18 09:00;6.001
2024-05-18 10:00;6.056
2024-05-18 11:00;5.802
2024-05-18 12:00;5.975
2024-05-18 13:00;5.953
2024-05-18 14:00;5.922
2024-05-18 15:00;6.033
2024-05-18 16:00;6.231
2024-05-18 17:00;6.028
2024-05-18 18:00;5.870
2024-05-18 19:00;5.853
2024-05-18 20:00;5.777
2024-05-18 21:00;5.779
2024-05-18 22:00;5.739
2024-05-18 23:00;5.700
2024-05-19 00:00;5.750
2024-05-19 01:00;5.784
2024-05-19 02:00;5.736
2024-05-19 03:00;5.683
2024-05-19 04:00;5.695
2024-05-19 05:00;5.604
2024-05-19 06:00;5.635
2024-05-19 07:00;5.650
2024-05-19 08:00;5.839
2024-05-19 09:00;5.991
2024-05-19 10:00;5.932
2024-05-19 11:00;5.935
2024-05-19 12:00;5.988
2024-05-19 13:00;5.931
2024-05-19 14:00;5.992
2024-05-19 15:00;5.982
2024-05-19 16:00;5.889
2024-05-19 17:00;5.860
2024-05-19 18:00;5.912
2024-05-19 19:00;6.010
2024-05-19 20:00;5.853
2024-05-19 21:00;5.662
2024-05-19 22:00;5.527
2024-05-19 23:00;5.397
2024-05-20 00:00;5.786
2024-05-20 01:00;5.562
2024-05-20 02:00;5.624
2024-05-20 03:00;5.581
2024-05-20 04:00;5.753
2024-05-20 05:00;5.950
2024-05-20 06:00;6.021
2024-05-20 07:00;5.970
2024-05-20 08:00;5.698
2024-05-20 09:00;5.791
2024-05-20 10:00;6.000
2024-05-20 11:00;6.129
2024-05-20 12:00;6.164
2024-05-20 13:00;6.272
2024-05-20 14:00;6.271
2024-05-20 15:00;6.269
2024-05-20 16:00;6.332
2024-05-20 17:00;6.210
2024-05-20 18:00;6.146
2024-05-20 19:00;6.064
2024-05-20 20:00;6.011
2024-05-20 21:00;6.022
2024-05-20 22:00;6.011
2024-05-20 23:00;6.010
2024-05-21 00:00;5.912
2024-05-21 01:00;5.965
2024-05-21 02:00;5.998
2024-05-21 03:00;6.108
2024-05-21 04:00;6.056
2024-05-21 05:00;6.170
2024-05-21 06:00;6.270
2024-05-21 07:00;6.397
2024-05-21 08:00;6.622
2024-05-21 09:00;6.662
2024-05-21 10:00;6.761
2024-05-21 11:00;6.947
2024-05-21 12:00;6.946
2024-05-21 13:00;6.766
2024-05-21 14:00;6.890
2024-05-21 15:00;6.953
2024-05-21 16:00;6.971
2024-05-21 17:00;6.938
2024-05-21 18:00;6.941
2024-05-21 19:00;6.850
2024-05-21 20:00;6.750
2024-05-21 21:00;6.633
2024-05-21 22:00;6.594
2024-05-21 23:00;6.451
2024-05-22 00:00;6.400
2024-05-22 01:00;6.376
2024-05-22 02:00;6.323
2024-05-22 03:00;6.339
2024-05-22 04:00;6.327
2024-05-22 05:00;6.318
2024-05-22 06:00;6.402
2024-05-22 07:00;6.419
2024-05-22 08:00;6.464
2024-05-22 09:00;6.505
2024-05-22 10:00;6.549
2024-05-22 11:00;6.634
2024-05-22 12:00;6.699
2024-05-22 13:00;6.736
2024-05-22 14:00;6.757
2024-05-22 15:00;6.594
2024-05-22 16:00;6.545
2024-05-22 17:00;6.493
2024-05-22 18:00;6.451
2024-05-22 19:00;6.531
2024-05-22 20:00;6.469
2024-05-22 21:00;6.453
2024-05-22 22:00;6.310
2024-05-22 23:00;6.313
2024-05-23 00:00;6.304
2024-05-23 01:00;6.155
2024-05-23 02:00;6.264
2024-05-23 03:00;6.382
2024-05-23 04:00;6.546
2024-05-23 05:00;6.689
2024-05-23 06:00;6.776
2024-05-23 07:00;6.777
2024-05-23 08:00;6.859
2024-05-23 09:00;6.818
2024-05-23 10:00;6.826
2024-05-23 11:00;7.028
2024-05-23 12:00;7.149
2024-05-23 13:00;7.192
2024-05-23 14:00;7.393
2024-05-23 15:00;7.437
2024-05-23 16:00;7.455
2024-05-23 17:00;7.430
2024-05-23 18:00;7.341
2024-05-23 19:00;7.353
2024-05-23 20:00;7.207
2024-05-23 21:00;7.211
2024-05-23 22:00;7.231
2024-05-23 23:00;7.203
2024-05-24 00:00;6.894
2024-05-24 01:00;6.780
2024-05-24 02:00;6.704
2024-05-24 03:00;6.757
2024-05-24 04:00;6.887
2024-05-24 05:00;6.859
2024-05-24 06:00;7.008
2024-05-24 07:00;7.067
2024-05-24 08:00;6.930
2024-05-24 09:00;7.096
2024-05-24 10:00;6.899
2024-05-24 11:00;7.020
2024-05-24 12:00;6.905
2024-05-24 13:00;6.954
2024-05-24 14:00;6.927
2024-05-24 15:00;6.680
2024-05-24 16:00;6.612
2024-05-24 17:00;6.605
2024-05-24 18:00;6.527
2024-05-24 19:00;6.335
2024-05-24 20:00;6.342
2024-05-24 21:00;6.266
2024-05-24 22:00;6.233
2024-05-24 23:00;5.914
2024-05-25 00:00;5.433
2024-05-25 01:00;5.475
2024-05-25 02:00;5.419
2024-05-25 03:00;5.352
2024-05-25 04:00;5.503
2024-05-25 05:00;5.502
2024-05-25 06:00;5.572
2024-05-25 07:00;5.638
2024-05-25 08:00;5.539
2024-05-25 09:00;5.576
2024-05-25 10:00;5.500
2024-05-25 11:00;5.588
2024-05-25 12:00;5.657
2024-05-25 13:00;5.640
2024-05-25 14:00;5.435
2024-05-25 15:00;5.302
2024-05-25 16:00;5.322
2024-05-25 17:00;5.331
2024-05-25 18:00;5.415
2024-05-25 19:00;5.412
2024-05-25 20:00;5.284
2024-05-25 21:00;5.197
2024-05-25 22:00;5.235
2024-05-25 23:00;5.160
2024-05-26 00:00;5.035
2024-05-26 01:00;5.128
2024-05-26 02:00;5.144
2024-05-26 03:00;5.200
2024-05-26 04:00;5.433
2024-05-26 05:00;5.567
2024-05-26 06:00;5.608
2024-05-26 07:00;5.727
2024-05-26 08:00;5.742
2024-05-26 09:00;5.781
2024-05-26 10:00;5.816
2024-05-26 11:00;5.827
2024-05-26 12:00;5.860
2024-05-26 13:00;5.861
2024-05-26 14:00;5.788
2024-05-26 15:00;5.824
2024-05-26 16:00;5.871
2024-05-26 17:00;5.659
2024-05-26 18:00;5.723
2024-05-26 19:00;5.716
2024-05-26 20:00;5.800
2024-05-26 21:00;5.710
2024-05-26 22:00;5.595
2024-05-26 23:00;5.562
2024-05-27 00:00;5.911
2024-05-27 01:00;5.886
2024-05-27 02:00;5.965
2024-05-27 03:00;6.044
2024-05-27 04:00;6.042
2024-05-27 05:00;6.125
2024-05-27 06:00;6.221
2024-05-27 07:00;6.324
2024-05-27 08:00;6.292
2024-05-27 09:00;6.296
2024-05-27 10:00;6.119
2024-05-27 11:00;6.210
2024-05-27 12:00;6.337
2024-05-27 13:00;6.402
2024-05-27 14:00;6.439
2024-05-27 15:00;6.500
2024-05-27 16:00;6.529
2024-05-27 17:00;6.574
2024-05-27 18:00;6.607
2024-05-27 19:00;6.657
2024-05-27 20:00;6.623
2024-05-27 21:00;6.702
2024-05-27 22:00;6.586
2024-05-27 23:00;6.514
2024-05-28 00:00;6.343
2024-05-28 01:00;6.261
2024-05-28 02:00;6.344
2024-05-28 03:00;6.501
2024-05-28 04:00;6.842
2024-05-28 05:00;7.109
2024-05-28 06:00;7.108
2024-05-28 07:00;7.192
2024-05-28 08:00;7.254
2024-05-28 09:00;7.111
2024-05-28 10:00;7.234
2024-05-28 11:00;7.184
2024-05-28 12:00;7.358
2024-05-28 13:00;7.434
2024-05-28 14:00;7.448
2024-05-28 15:00;7.491
2024-05-28 16:00;7.588
2024-05-28 17:00;7.359
2024-05-28 18:00;7.188
2024-05-28 19:00;6.977
2024-05-28 20:00;6.984
2024-05-28 21:00;6.924
2024-05-28 22:00;6.996
2024-05-28 23:00;6.841
2024-05-29 00:00;6.989
2024-05-29 01:00;6.965
2024-05-29 02:00;7.061
2024-05-29 03:00;7.196
2024-05-29 04:00;7.184
2024-05-29 05:00;7.306
2024-05-29 06:00;7.525
2024-05-29 07:00;7.672
2024-05-29 08:00;7.794
2024-05-29 09:00;7.747
2024-05-29 10:00;7.580
2024-05-29 11:00;7.645
2024-05-29 12:00;7.717
2024-05-29 13:00;7.683
2024-05-29 14:00;8.011
2024-05-29 15:00;8.159
2024-05-29 16:00;7.887
2024-05-29 17:00;7.864
2024-05-29 18:00;8.069
2024-05-29 19:00;7.847
2024-05-29 20:00;7.680
2024-05-29 21:00;7.492
2024-05-29 22:00;7.345
2024-05-29 23:00;7.314
2024-05-30 00:00;7.292
2024-05-30 01:00;7.245
2024-05-30 02:00;7.281
2024-05-30 03:00;7.278
2024-05-30 04:00;7.354
2024-05-30 05:00;7.381
2024-05-30 06:00;7.424
2024-05-30 07:00;7.465
2024-05-30 08:00;7.401
2024-05-30 09:00;7.502
2024-05-30 10:00;7.421
2024-05-30 11:00;7.361
2024-05-30 12:00;7.467
2024-05-30 13:00;7.526
2024-05-30 14:00;7.620
2024-05-30 15:00;7.540
2024-05-30 16:00;7.497
2024-05-30 17:00;7.264
2024-05-30 18:00;7.292
2024-05-30 19:00;7.097
2024-05-30 20:00;6.940
2024-05-30 21:00;6.857
2024-05-30 22:00;6.677
2024-05-30 23:00;6.572
2024-05-31 00:00;6.679
2024-05-31 01:00;6.803
2024-05-31 02:00;6.782
2024-05-31 03:00;6.798
2024-05-31 04:00;6.722
2024-05-31 05:00;6.618
2024-05-31 06:00;6.782
2024-05-31 07:00;6.834
2024-05-31 08:00;6.823
2024-05-31 09:00;6.729
2024-05-31 10:00;6.678
2024-05-31 11:00;7.017
2024-05-31 12:00;7.080
2024-05-31 13:00;7.101
2024-05-31 14:00;6.989
2024-05-31 15:00;6.844
2024-05-31 16:00;6.781
2024-05-31 17:00;6.663
2024-05-31 18:00;6.779
2024-05-31 19:00;6.526
2024-05-31 20:00;6.363
2024-05-31 21:00;6.250
2024-05-31 22:00;6.140
2024-05-31 23:00;6.060
2024-06-01 00:00;5.657
2024-06-01 01:00;5.402
2024-06-01 02:00;5.474
2024-06-01 03:00;5.318
2024-06-01 04:00;5.258
2024-06-01 05:00;5.318
2024-06-01 06:00;5.314
2024-06-01 07:00;5.303
2024-06-01 08:00;5.255
2024-06-01 09:00;5.380
2024-06-01 10:00;5.615
2024-06-01 11:00;5.750
2024-06-01 12:00;5.596
2024-06-01 13:00;5.429
2024-06-01 14:00;5.291
2024-06-01 15:00;5.099
2024-06-01 16:00;5.093
2024-06-01 17:00;5.090
2024-06-01 18:00;5.033
2024-06-01 19:00;5.014
2024-06-01 20:00;5.121
2024-06-01 21:00;5.085
2024-06-01 22:00;4.848
2024-06-01 23:00;4.965
2024-06-02 00:00;4.969
2024-06-02 01:00;4.897
2024-06-02 02:00;4.913
2024-06-02 03:00;4.973
2024-06-02 04:00;5.074
2024-06-02 05:00;5.101
2024-06-02 06:00;5.316
2024-06-02 07:00;5.391
2024-06-02 08:00;5.565
2024-06-02 09:00;5.723
2024-06-02 10:00;5.890
2024-06-02 11:00;5.887
2024-06-02 12:00;5.854
2024-06-02 13:00;5.898
2024-06-02 14:00;5.845
2024-06-02 15:00;5.956
2024-06-02 16:00;6.087
2024-06-02 17:00;6.036
2024-06-02 18:00;6.017
2024-06-02 19:00;6.292
2024-06-02 20:00;6.183
2024-06-02 21:00;6.072
2024-06-02 22:00;6.001
2024-06-02 23:00;5.939
2024-06-03 00:00;6.450
2024-06-03 01:00;6.461
2024-06-03 02:00;6.640
2024-06-03 03:00;6.748
2024-06-03 04:00;6.727
2024-06-03 05:00;6.769
2024-06-03 06:00;6.996
2024-06-03 07:00;7.185
2024-06-03 08:00;7.150
2024-06-03 09:00;7.217
2024-06-03 10:00;7.270
2024-06-03 11:00;7.305
2024-06-03 12:00;7.399
2024-06-03 13:00;7.376
2024-06-03 14:00;7.353
2024-06-03 15:00;7.226
2024-06-03 16:00;7.344
2024-06-03 17:00;7.235
2024-06-03 18:00;7.214
2024-06-03 19:00;7.124
2024-06-03 20:00;7.114
2024-06-03 21:00;7.039
2024-06-03 22:00;6.859
2024-06-03 23:00;6.865
2024-06-04 00:00;6.806
2024-06-04 01:00;6.681
2024-06-04 02:00;6.719
2024-06-04 03:00;6.651
2024-06-04 04:00;6.885
2024-06-04 05:00;7.096
2024-06-04 06:00;7.264
2024-06-04 07:00;7.346
2024-06-04 08:00;7.285
2024-06-04 09:00;7.188
2024-06-04 10:00;7.270
2024-06-04 11:00;7.360
2024-06-04 12:00;7.397
2024-06-04 13:00;7.299
2024-06-04 14:00;7.129
2024-06-04 15:00;7.261
2024-06-04 16:00;7.312
2024-06-04 17:00;7.314
2024-06-04 18:00;7.261
2024-06-04 19:00;7.131
2024-06-04 20:00;6.966
2024-06-04 21:00;6.992
2024-06-04 22:00;6.724
2024-06-04 23:00;6.719
2024-06-05 00:00;6.678
2024-06-05 01:00;6.745
2024-06-05 02:00;6.827
2024-06-05 03:00;6.812
2024-06-05 04:00;6.920
2024-06-05 05:00;7.003
2024-06-05 06:00;7.217
2024-06-05 07:00;7.436
2024-06-05 08:00;7.390
2024-06-05 09:00;7.207
2024-06-05 10:00;7.344
2024-06-05 11:00;7.502
2024-06-05 12:00;7.546
2024-06-05 13:00;7.622
2024-06-05 14:00;7.556
2024-06-05 15:00;7.522
2024-06-05 16:00;7.746
2024-06-05 17:00;7.968
2024-06-05 18:00;8.240
2024-06-05 19:00;8.121
2024-06-05 20:00;7.857
2024-06-05 21:00;7.781
2024-06-05 22:00;7.731
2024-06-05 23:00;7.719
2024-06-06 00:00;7.666
2024-06-06 01:00;7.829
2024-06-06 02:00;7.935
2024-06-06 03:00;8.222
2024-06-06 04:00;8.368
2024-06-06 05:00;8.636
2024-06-06 06:00;8.637
2024-06-06 07:00;8.497
2024-06-06 08:00;8.541
2024-06-06 09:00;8.591
2024-06-06 10:00;8.861
2024-06-06 11:00;9.006
2024-06-06 12:00;9.127
2024-06-06 13:00;9.101
2024-06-06 14:00;9.051
2024-06-06 15:00;9.094
2024-06-06 16:00;9.220
2024-06-06 17:00;9.227
2024-06-06 18:00;9.278
2024-06-06 19:00;8.977
2024-06-06 20:00;8.912
2024-06-06 21:00;8.791
2024-06-06 22:00;8.817
2024-06-06 23:00;8.737
2024-06-07 00:00;8.732
2024-06-07 01:00;8.542
2024-06-07 02:00;8.557
2024-06-07 03:00;8.558
2024-06-07 04:00;8.660
2024-06-07 05:00;8.625
2024-06-07 06:00;8.732
2024-06-07 07:00;8.654
2024-06-07 08:00;8.580
2024-06-07 09:00;8.534
2024-06-07 10:00;8.761
2024-06-07 11:00;8.668
2024-06-07 12:00;8.680
2024-06-07 13:00;8.780
2024-06-07 14:00;8.885
2024-06-07 15:00;8.808
2024-06-07 16:00;8.709
2024-06-07 17:00;8.558
2024-06-07 18:00;8.479
2024-06-07 19:00;8.187
2024-06-07 20:00;8.106
2024-06-07 21:00;8.117
2024-06-07 22:00;8.245
2024-06-07 23:00;8.353
2024-06-08 00:00;7.826
2024-06-08 01:00;7.791
2024-06-08 02:00;7.656
2024-06-08 03:00;7.647
2024-06-08 04:00;7.594
2024-06-08 05:00;7.701
2024-06-08 06:00;7.945
2024-06-08 07:00;8.142
2024-06-08 08:00;8.413
2024-06-08 09:00;8.545
2024-06-08 10:00;8.640
2024-06-08 11:00;8.797
2024-06-08 12:00;8.699
2024-06-08 13:00;8.695
2024-06-08 14:00;8.715
2024-06-08 15:00;8.724
2024-06-08 16:00;8.697
2024-06-08 17:00;8.797
2024-06-08 18:00;8.791
2024-06-08 19:00;8.778
2024-06-08 20:00;8.812
2024-06-08 21:00;8.920
2024-06-08 22:00;8.858
2024-06-08 23:00;8.734
2024-06-09 00:00;8.629
2024-06-09 01:00;8.608
2024-06-09 02:00;8.705
2024-06-09 03:00;8.790
2024-06-09 04:00;8.863
2024-06-09 05:00;8.971
2024-06-09 06:00;9.138
2024-06-09 07:00;9.142
2024-06-09 08:00;9.141
2024-06-09 09:00;9.166
2024-06-09 10:00;9.250
2024-06-09 11:00;9.484
2024-06-09 12:00;9.519
2024-06-09 13:00;9.672
2024-06-09 14:00;9.668
2024-06-09 15:00;9.631
2024-06-09 16:00;9.542
2024-06-09 17:00;9.383
2024-06-09 18:00;9.303
2024-06-09 19:00;9.289
2024-06-09 20:00;9.312
2024-06-09 21:00;9.424
2024-06-09 22:00;9.470
2024-06-09 23:00;9.245
2024-06-10 00:00;9.611
2024-06-10 01:00;9.501
2024-06-10 02:00;9.346
2024-06-10 03:00;9.234
2024-06-10 04:00;9.266
2024-06-10 05:00;9.313
2024-06-10 06:00;9.354
2024-06-10 07:00;9.315
2024-06-10 08:00;9.390
2024-06-10 09:00;9.425
2024-06-10 10:00;9.365
2024-06-10 11:00;9.541
2024-06-10 12:00;9.559
2024-06-10 13:00;9.554
2024-06-10 14:00;9.469
2024-06-10 15:00;9.485
2024-06-10 16:00;9.391
2024-06-10 17:00;9.230
2024-06-10 18:00;9.228
2024-06-10 19:00;9.314
2024-06-10 20:00;9.208
2024-06-10 21:00;9.176
2024-06-10 22:00;9.100
2024-06-10 23:00;9.165
2024-06-11 00:00;9.159
2024-06-11 01:00;9.003
2024-06-11 02:00;9.046
2024-06-11 03:00;8.995
2024-06-11 04:00;9.072
2024-06-11 05:00;9.345
2024-06-11 06:00;9.497
2024-06-11 07:00;9.633
2024-06-11 08:00;9.680
2024-06-11 09:00;9.767
2024-06-11 10:00;9.646
2024-06-11 11:00;9.910
2024-06-11 12:00;9.894
2024-06-11 13:00;9.779
2024-06-11 14:00;9.817
2024-06-11 15:00;9.782
2024-06-11 16:00;9.791
2024-06-11 17:00;9.752
2024-06-11 18:00;9.842
2024-06-11 19:00;9.886
2024-06-11 20:00;9.846
2024-06-11 21:00;9.816
2024-06-11 22:00;9.747
2024-06-11 23:00;9.728
2024-06-12 00:00;9.506
2024-06-12 01:00;9.394
2024-06-12 02:00;9.532
2024-06-12 03:00;9.578
2024-06-12 04:00;9.661
2024-06-12 05:00;9.705
2024-06-12 06:00;9.790
2024-06-12 07:00;9.846
2024-06-12 08:00;9.933
2024-06-12 09:00;10.037
2024-06-12 10:00;10.016
2024-06-12 11:00;10.032
2024-06-12 12:00;9.974
2024-06-12 13:00;10.069
2024-06-12 14:00;10.195
2024-06-12 15:00;10.308
2024-06-12 16:00;10.172
2024-06-12 17:00;10.113
2024-06-12 18:00;9.961
2024-06-12 19:00;10.012
2024-06-12 20:00;10.042
2024-06-12 21:00;10.060
2024-06-12 22:00;9.872
2024-06-12 23:00;9.840
2024-06-13 00:00;9.776
2024-06-13 01:00;9.679
2024-06-13 02:00;9.690
2024-06-13 03:00;9.656
2024-06-13 04:00;9.749
2024-06-13 05:00;9.909
2024-06-13 06:00;10.023
2024-06-13 07:00;10.121
2024-06-13 08:00;10.123
2024-06-13 09:00;10.083
2024-06-13 10:00;10.007
2024-06-13 11:00;10.034
2024-06-13 12:00;10.018
2024-06-13 13:00;9.927
2024-06-13 14:00;10.010
2024-06-13 15:00;10.105
2024-06-13 16:00;10.082
2024-06-13 17:00;9.883
2024-06-13 18:00;9.796
2024-06-13 19:00;9.723
2024-06-13 20:00;9.511
2024-06-13 21:00;9.410
2024-06-13 22:00;9.337
2024-06-13 23:00;9.185
2024-06-14 00:00;9.087
2024-06-14 01:00;8.936
2024-06-14 02:00;8.879
2024-06-14 03:00;8.958
2024-06-14 04:00;8.907
2024-06-14 05:00;8.904
2024-06-14 06:00;8.957
2024-06-14 07:00;9.033
2024-06-14 08:00;9.047
2024-06-14 09:00;9.039
2024-06-14 10:00;8.978
2024-06-14 11:00;8.885
2024-06-14 12:00;8.882
2024-06-14 13:00;8.813
2024-06-14 14:00;8.928
2024-06-14 15:00;8.828
2024-06-14 16:00;8.762
2024-06-14 17:00;8.616
2024-06-14 18:00;8.499
2024-06-14 19:00;8.335
2024-06-14 20:00;8.171
2024-06-14 21:00;8.011
2024-06-14 22:00;7.769
2024-06-14 23:00;7.693
2024-06-15 00:00;7.187
2024-06-15 01:00;7.221
2024-06-15 02:00;7.271
2024-06-15 03:00;7.254
2024-06-15 04:00;7.425
2024-06-15 05:00;7.542
2024-06-15 06:00;7.651
2024-06-15 07:00;7.739
2024-06-15 08:00;7.862
2024-06-15 09:00;7.958
2024-06-15 10:00;8.044
2024-06-15 11:00;8.088
2024-06-15 12:00;8.185
2024-06-15 13:00;8.398
2024-06-15 14:00;8.295
2024-06-15 15:00;8.243
2024-06-15 16:00;8.176
2024-06-15 17:00;8.108
2024-06-15 18:00;8.027
2024-06-15 19:00;7.951
2024-06-15 20:00;7.859
2024-06-15 21:00;7.853
2024-06-15 22:00;7.821
2024-06-15 23:00;7.760
2024-06-16 00:00;7.634
2024-06-16 01:00;7.604
2024-06-16 02:00;7.579
2024-06-16 03:00;7.479
2024-06-16 04:00;7.456
2024-06-16 05:00;7.464
2024-06-16 06:00;7.518
2024-06-16 07:00;7.586
2024-06-16 08:00;7.633
2024-06-16 09:00;7.911
2024-06-16 10:00;8.039
2024-06-16 11:00;7.898
2024-06-16 12:00;7.832
2024-06-16 13:00;7.962
2024-06-16 14:00;7.848
2024-06-16 15:00;7.884
2024-06-16 16:00;7.858
2024-06-16 17:00;7.798
2024-06-16 18:00;7.879
2024-06-16 19:00;8.005
2024-06-16 20:00;8.002
2024-06-16 21:00;7.895
2024-06-16 22:00;7.689
2024-06-16 23:00;7.458
2024-06-17 00:00;7.817
2024-06-17 01:00;7.662
2024-06-17 02:00;7.787
2024-06-17 03:00;7.969
2024-06-17 04:00;8.022
2024-06-17 05:00;8.122
2024-06-17 06:00;8.092
2024-06-17 07:00;8.191
2024-06-17 08:00;8.267
2024-06-17 09:00;8.247
2024-06-17 10:00;8.266
2024-06-17 11:00;8.277
2024-06-17 12:00;8.306
2024-06-17 13:00;8.424
2024-06-17 14:00;8.435
2024-06-17 15:00;8.456
2024-06-17 16:00;8.169
2024-06-17 17:00;7.988
2024-06-17 18:00;7.886
2024-06-17 19:00;7.790
2024-06-17 20:00;7.630
2024-06-17 21:00;7.624
2024-06-17 22:00;7.539
2024-06-17 23:00;7.538
2024-06-18 00:00;7.502
2024-06-18 01:00;7.419
2024-06-18 02:00;7.271
2024-06-18 03:00;7.309
2024-06-18 04:00;7.206
2024-06-18 05:00;7.104
2024-06-18 06:00;7.165
2024-06-18 07:00;7.228
2024-06-18 08:00;7.307
2024-06-18 09:00;7.620
2024-06-18 10:00;7.882
2024-06-18 11:00;7.565
2024-06-18 12:00;7.510
2024-06-18 13:00;7.507
2024-06-18 14:00;7.402
2024-06-18 15:00;7.392
2024-06-18 16:00;7.521
2024-06-18 17:00;7.488
2024-06-18 18:00;7.363
2024-06-18 19:00;7.388
2024-06-18 20:00;7.307
2024-06-18 21:00;7.254
2024-06-18 22:00;7.085
2024-06-18 23:00;6.941
2024-06-19 00:00;6.902
2024-06-19 01:00;6.887
2024-06-19 02:00;6.914
2024-06-19 03:00;7.048
2024-06-19 04:00;7.143
2024-06-19 05:00;7.359
2024-06-19 06:00;7.679
2024-06-19 07:00;7.699
2024-06-19 08:00;7.650
2024-06-19 09:00;7.685
2024-06-19 10:00;7.787
2024-06-19 11:00;7.829
2024-06-19 12:00;7.738
2024-06-19 13:00;7.825
2024-06-19 14:00;7.801
2024-06-19 15:00;7.755
2024-06-19 16:00;7.797
2024-06-19 17:00;7.691
2024-06-19 18:00;7.887
2024-06-19 19:00;7.815
2024-06-19 20:00;7.810
2024-06-19 21:00;7.796
2024-06-19 22:00;7.735
2024-06-19 23:00;7.648
2024-06-20 00:00;7.579
2024-06-20 01:00;7.552
2024-06-20 02:00;7.503
2024-06-20 03:00;7.481
2024-06-20 04:00;7.550
2024-06-20 05:00;7.645
2024-06-20 06:00;7.794
2024-06-20 07:00;7.764
2024-06-20 08:00;7.775
2024-06-20 09:00;7.787
2024-06-20 10:00;7.842
2024-06-20 11:00;7.858
2024-06-20 12:00;7.804
2024-06-20 13:00;7.852
2024-06-20 14:00;7.707
2024-06-20 15:00;7.581
2024-06-20 16:00;7.490
2024-06-20 17:00;7.305
2024-06-20 18:00;7.252
2024-06-20 19:00;7.261
2024-06-20 20:00;7.181
2024-06-20 21:00;7.114
2024-06-20 22:00;6.955
2024-06-20 23:00;6.867
2024-06-21 00:00;6.751
2024-06-21 01:00;6.738
2024-06-21 02:00;6.699
2024-06-21 03:00;6.642
2024-06-21 04:00;6.652
2024-06-21 05:00;6.747
2024-06-21 06:00;6.933
2024-06-21 07:00;6.876
2024-06-21 08:00;6.967
2024-06-21 09:00;6.952
2024-06-21 10:00;7.128
2024-06-21 11:00;7.152
2024-06-21 12:00;7.129
2024-06-21 13:00;7.148
2024-06-21 14:00;7.165
2024-06-21 15:00;7.025
2024-06-21 16:00;7.087
2024-06-21 17:00;7.048
2024-06-21 18:00;6.926
2024-06-21 19:00;6.862
2024-06-21 20:00;6.818
2024-06-21 21:00;6.704
2024-06-21 22:00;6.648
2024-06-21 23:00;6.564
2024-06-22 00:00;5.874
2024-06-22 01:00;5.926
2024-06-22 02:00;5.828
2024-06-22 03:00;5.846
2024-06-22 04:00;5.890
2024-06-22 05:00;6.044
2024-06-22 06:00;6.263
2024-06-22 07:00;6.413
2024-06-22 08:00;6.412
2024-06-22 09:00;6.453
2024-06-22 10:00;6.545
2024-06-22 11:00;6.694
2024-06-22 12:00;6.726
2024-06-22 13:00;6.837
2024-06-22 14:00;6.709
2024-06-22 15:00;6.733
2024-06-22 16:00;6.682
2024-06-22 17:00;6.647
2024-06-22 18:00;6.553
2024-06-22 19:00;6.519
2024-06-22 20:00;6.408
2024-06-22 21:00;6.300
2024-06-22 22:00;6.152
2024-06-22 23:00;6.017
2024-06-23 00:00;5.786
2024-06-23 01:00;5.675
2024-06-23 02:00;5.480
2024-06-23 03:00;5.506
2024-06-23 04:00;5.578
2024-06-23 05:00;5.683
2024-06-23 06:00;5.783
2024-06-23 07:00;5.953
2024-06-23 08:00;6.004
2024-06-23 09:00;6.105
2024-06-23 10:00;6.155
2024-06-23 11:00;6.106
2024-06-23 12:00;6.089
2024-06-23 13:00;6.116
2024-06-23 14:00;6.201
2024-06-23 15:00;6.245
2024-06-23 16:00;6.187
2024-06-23 17:00;6.253
2024-06-23 18:00;6.285
2024-06-23 19:00;6.297
2024-06-23 20:00;6.196
2024-06-23 21:00;6.188
2024-06-23 22:00;6.099
2024-06-23 23:00;5.997
2024-06-24 00:00;6.493
2024-06-24 01:00;6.494
2024-06-24 02:00;6.510
2024-06-24 03:00;6.617
2024-06-24 04:00;6.672
2024-06-24 05:00;6.622
2024-06-24 06:00;6.705
2024-06-24 07:00;6.782
2024-06-24 08:00;6.832
2024-06-24 09:00;6.920
2024-06-24 10:00;6.911
2024-06-24 11:00;6.768
2024-06-24 12:00;6.803
2024-06-24 13:00;6.838
2024-06-24 14:00;6.886
2024-06-24 15:00;6.795
2024-06-24 16:00;6.719
2024-06-24 17:00;6.683
2024-06-24 18:00;6.694
2024-06-24 19:00;6.495
2024-06-24 20:00;6.351
2024-06-24 21:00;6.213
2024-06-24 22:00;6.015
2024-06-24 23:00;5.963
2024-06-25 00:00;5.844
2024-06-25 01:00;5.770
2024-06-25 02:00;5.654
2024-06-25 03:00;5.661
2024-06-25 04:00;5.748
2024-06-25 05:00;5.838
2024-06-25 06:00;5.883
2024-06-25 07:00;5.981
2024-06-25 08:00;5.972
2024-06-25 09:00;5.992
2024-06-25 10:00;5.982
2024-06-25 11:00;6.069
2024-06-25 12:00;6.132
2024-06-25 13:00;6.190
2024-06-25 14:00;6.200
2024-06-25 15:00;6.177
2024-06-25 16:00;6.007
2024-06-25 17:00;6.027
2024-06-25 18:00;5.981
2024-06-25 19:00;5.899
2024-06-25 20:00;5.849
2024-06-25 21:00;5.760
2024-06-25 22:00;5.679
2024-06-25 23:00;5.594
2024-06-26 00:00;5.528
2024-06-26 01:00;5.392
2024-06-26 02:00;5.413
2024-06-26 03:00;5.448
2024-06-26 04:00;5.494
2024-06-26 05:00;5.476
2024-06-26 06:00;5.566
2024-06-26 07:00;5.568
2024-06-26 08:00;5.444
2024-06-26 09:00;5.514
2024-06-26 10:00;5.474
2024-06-26 11:00;5.636
2024-06-26 12:00;5.707
2024-06-26 13:00;5.725
2024-06-26 14:00;5.753
2024-06-26 15:00;5.611
2024-06-26 16:00;5.686
2024-06-26 17:00;5.709
2024-06-26 18:00;5.492
2024-06-26 19:00;5.520
2024-06-26 20:00;5.345
2024-06-26 21:00;5.177
2024-06-26 22:00;5.100
2024-06-26 23:00;5.082
2024-06-27 00:00;5.061
2024-06-27 01:00;5.012
2024-06-27 02:00;5.057
2024-06-27 03:00;4.953
2024-06-27 04:00;5.008
2024-06-27 05:00;5.122
2024-06-27 06:00;5.201
2024-06-27 07:00;5.267
2024-06-27 08:00;5.322
2024-06-27 09:00;5.289
2024-06-27 10:00;5.470
2024-06-27 11:00;5.425
2024-06-27 12:00;5.517
2024-06-27 13:00;5.495
2024-06-27 14:00;5.475
2024-06-27 15:00;5.454
2024-06-27 16:00;5.437
2024-06-27 17:00;5.603
2024-06-27 18:00;5.568
2024-06-27 19:00;5.506
2024-06-27 20:00;5.466
2024-06-27 21:00;5.473
2024-06-27 22:00;5.376
2024-06-27 23:00;5.266
2024-06-28 00:00;5.172
2024-06-28 01:00;5.132
2024-06-28 02:00;5.046
2024-06-28 03:00;4.937
2024-06-28 04:00;4.994
2024-06-28 05:00;4.997
2024-06-28 06:00;4.962
2024-06-28 07:00;5.161
2024-06-28 08:00;5.196
2024-06-28 09:00;5.165
2024-06-28 10:00;5.254
2024-06-28 11:00;5.366
2024-06-28 12:00;5.369
2024-06-28 13:00;5.447
2024-06-28 14:00;5.510
2024-06-28 15:00;5.559
2024-06-28 16:00;5.465
2024-06-28 17:00;5.542
2024-06-28 18:00;5.513
2024-06-28 19:00;5.395
2024-06-28 20:00;5.313
2024-06-28 21:00;5.346
2024-06-28 22:00;5.201
2024-06-28 23:00;5.222
2024-06-29 00:00;4.761
2024-06-29 01:00;4.765
2024-06-29 02:00;4.800
2024-06-29 03:00;4.788
2024-06-29 04:00;4.784
2024-06-29 05:00;4.826
2024-06-29 06:00;4.903
2024-06-29 07:00;4.979
2024-06-29 08:00;5.077
2024-06-29 09:00;5.199
2024-06-29 10:00;5.282
2024-06-29 11:00;5.280
2024-06-29 12:00;5.318
2024-06-29 13:00;5.356
2024-06-29 14:00;5.362
2024-06-29 15:00;5.344
2024-06-29 16:00;5.261
2024-06-29 17:00;5.243
2024-06-29 18:00;5.297
2024-06-29 19:00;5.326
2024-06-29 20:00;5.303
2024-06-29 21:00;5.169
2024-06-29 22:00;5.028
2024-06-29 23:00;5.061
2024-06-30 00:00;4.953
2024-06-30 01:00;4.876
2024-06-30 02:00;4.830
2024-06-30 03:00;4.896
2024-06-30 04:00;4.933
2024-06-30 05:00;4.997
2024-06-30 06:00;4.944
2024-06-30 07:00;5.036
2024-06-30 08:00;5.154
2024-06-30 09:00;5.176
2024-06-30 10:00;5.230
2024-06-30 11:00;5.317
2024-06-30 12:00;5.415
2024-06-30 13:00;5.477
2024-06-30 14:00;5.522
2024-06-30 15:00;5.717
2024-06-30 16:00;5.749
2024-06-30 17:00;5.709
2024-06-30 18:00;5.696
2024-06-30 19:00;5.738
2024-06-30 20:00;5.743
2024-06-30 21:00;5.830
2024-06-30 22:00;5.803
2024-06-30 23:00;5.755
2024-07-01 00:00;6.174
2024-07-01 01:00;6.202
2024-07-01 02:00;6.176
2024-07-01 03:00;6.299
2024-07-01 04:00;6.355
2024-07-01 05:00;6.489
2024-07-01 06:00;6.494
2024-07-01 07:00;6.492
2024-07-01 08:00;6.543
2024-07-01 09:00;6.394
2024-07-01 10:00;6.408
2024-07-01 11:00;6.573
2024-07-01 12:00;6.579
2024-07-01 13:00;6.645
2024-07-01 14:00;6.670
2024-07-01 15:00;6.651
2024-07-01 16:00;6.723
2024-07-01 17:00;6.699
2024-07-01 18:00;6.750
2024-07-01 19:00;6.635
2024-07-01 20:00;6.598
2024-07-01 21:00;6.469
2024-07-01 22:00;6.412
2024-07-01 23:00;6.441
2024-07-02 00:00;6.318
2024-07-02 01:00;6.294
2024-07-02 02:00;6.246
2024-07-02 03:00;6.232
2024-07-02 04:00;6.253
2024-07-02 05:00;6.371
2024-07-02 06:00;6.510
2024-07-02 07:00;6.631
2024-07-02 08:00;6.854
2024-07-02 09:00;7.056
2024-07-02 10:00;7.086
2024-07-02 11:00;7.014
2024-07-02 12:00;7.083
2024-07-02 13:00;7.110
2024-07-02 14:00;7.154
2024-07-02 15:00;7.172
2024-07-02 16:00;7.217
2024-07-02 17:00;7.295
2024-07-02 18:00;7.188
2024-07-02 19:00;7.089
2024-07-02 20:00;7.085
2024-07-02 21:00;7.064
2024-07-02 22:00;7.008
2024-07-02 23:00;6.921
2024-07-03 00:00;6.986
2024-07-03 01:00;7.100
2024-07-03 02:00;7.165
2024-07-03 03:00;7.213
2024-07-03 04:00;7.257
2024-07-03 05:00;7.326
2024-07-03 06:00;7.474
2024-07-03 07:00;7.522
2024-07-03 08:00;7.610
2024-07-03 09:00;7.628
2024-07-03 10:00;7.558
2024-07-03 11:00;7.636
2024-07-03 12:00;7.711
2024-07-03 13:00;7.759
2024-07-03 14:00;7.675
2024-07-03 15:00;7.582
2024-07-03 16:00;7.483
2024-07-03 17:00;7.384
2024-07-03 18:00;7.269
2024-07-03 19:00;7.334
2024-07-03 20:00;7.301
2024-07-03 21:00;7.393
2024-07-03 22:00;7.302
2024-07-03 23:00;6.972
2024-07-04 00:00;6.672
2024-07-04 01:00;6.673
2024-07-04 02:00;6.696
2024-07-04 03:00;6.902
2024-07-04 04:00;7.075
2024-07-04 05:00;7.252
2024-07-04 06:00;7.326
2024-07-04 07:00;7.485
2024-07-04 08:00;7.855
2024-07-04 09:00;7.641
2024-07-04 10:00;7.130
2024-07-04 11:00;7.234
2024-07-04 12:00;7.913
2024-07-04 13:00;8.048
2024-07-04 14:00;8.176
2024-07-04 15:00;8.109
2024-07-04 16:00;7.992
2024-07-04 17:00;7.996
2024-07-04 18:00;7.836
2024-07-04 19:00;7.825
2024-07-04 20:00;7.737
2024-07-04 21:00;7.441
2024-07-04 22:00;7.355
2024-07-04 23:00;7.391
2024-07-05 00:00;7.529
2024-07-05 01:00;7.433
2024-07-05 02:00;7.223
2024-07-05 03:00;7.117
2024-07-05 04:00;7.106
2024-07-05 05:00;7.088
2024-07-05 06:00;6.975
2024-07-05 07:00;6.932
2024-07-05 08:00;6.963
2024-07-05 09:00;6.958
2024-07-05 10:00;6.988
2024-07-05 11:00;6.960
2024-07-05 12:00;6.896
2024-07-05 13:00;7.070
2024-07-05 14:00;7.093
2024-07-05 15:00;7.023
2024-07-05 16:00;6.938
2024-07-05 17:00;6.866
2024-07-05 18:00;6.801
2024-07-05 19:00;6.730
2024-07-05 20:00;6.666
2024-07-05 21:00;6.513
2024-07-05 22:00;6.490
2024-07-05 23:00;6.378
2024-07-06 00:00;5.923
2024-07-06 01:00;5.865
2024-07-06 02:00;5.731
2024-07-06 03:00;5.728
2024-07-06 04:00;5.804
2024-07-06 05:00;5.945
2024-07-06 06:00;6.079
2024-07-06 07:00;6.246
2024-07-06 08:00;6.376
2024-07-06 09:00;6.315
2024-07-06 10:00;6.182
2024-07-06 11:00;6.297
2024-07-06 12:00;6.234
2024-07-06 13:00;6.303
2024-07-06 14:00;6.179
2024-07-06 15:00;6.171
2024-07-06 16:00;6.179
2024-07-06 17:00;6.207
2024-07-06 18:00;6.274
2024-07-06 19:00;6.230
2024-07-06 20:00;6.181
2024-07-06 21:00;6.111
2024-07-06 22:00;6.005
2024-07-06 23:00;5.899
2024-07-07 00:00;5.893
2024-07-07 01:00;5.897
2024-07-07 02:00;5.944
2024-07-07 03:00;6.056
2024-07-07 04:00;6.185
2024-07-07 05:00;6.188
2024-07-07 06:00;6.202
2024-07-07 07:00;6.385
2024-07-07 08:00;6.519
2024-07-07 09:00;6.629
2024-07-07 10:00;6.701
2024-07-07 11:00;6.814
2024-07-07 12:00;6.874
2024-07-07 13:00;6.884
2024-07-07 14:00;6.943
2024-07-07 15:00;6.941
2024-07-07 16:00;6.869
2024-07-07 17:00;6.968
2024-07-07 18:00;6.956
2024-07-07 19:00;6.786
2024-07-07 20:00;6.693
2024-07-07 21:00;6.636
2024-07-07 22:00;6.681
2024-07-07 23:00;6.622
2024-07-08 00:00;6.929
2024-07-08 01:00;6.785
2024-07-08 02:00;6.675
2024-07-08 03:00;6.551
2024-07-08 04:00;6.665
2024-07-08 05:00;6.645
2024-07-08 06:00;6.677
2024-07-08 07:00;6.708
2024-07-08 08:00;6.800
2024-07-08 09:00;7.027
2024-07-08 10:00;6.905
2024-07-08 11:00;6.876
2024-07-08 12:00;6.847
2024-07-08 13:00;6.928
2024-07-08 14:00;6.962
2024-07-08 15:00;6.925
2024-07-08 16:00;6.804
2024-07-08 17:00;6.726
2024-07-08 18:00;6.663
2024-07-08 19:00;6.651
2024-07-08 20:00;6.668
2024-07-08 21:00;6.532
2024-07-08 22:00;6.613
2024-07-08 23:00;6.608
2024-07-09 00:00;6.523
2024-07-09 01:00;6.463
2024-07-09 02:00;6.414
2024-07-09 03:00;6.382
2024-07-09 04:00;6.495
2024-07-09 05:00;6.521
2024-07-09 06:00;6.763
2024-07-09 07:00;6.749
2024-07-09 08:00;6.823
2024-07-09 09:00;6.856
2024-07-09 10:00;6.748
2024-07-09 11:00;6.614
2024-07-09 12:00;6.614
2024-07-09 13:00;6.641
2024-07-09 14:00;6.546
2024-07-09 15:00;6.532
2024-07-09 16:00;6.421
2024-07-09 17:00;6.421
2024-07-09 18:00;6.359
2024-07-09 19:00;6.197
2024-07-09 20:00;6.023
2024-07-09 21:00;5.829
2024-07-09 22:00;5.575
2024-07-09 23:00;5.461
2024-07-10 00:00;5.396
2024-07-10 01:00;5.423
2024-07-10 02:00;5.363
2024-07-10 03:00;5.401
2024-07-10 04:00;5.424
2024-07-10 05:00;5.631
2024-07-10 06:00;5.868
2024-07-10 07:00;6.018
2024-07-10 08:00;6.018
2024-07-10 09:00;5.955
2024-07-10 10:00;6.015
2024-07-10 11:00;5.947
2024-07-10 12:00;5.825
2024-07-10 13:00;5.909
2024-07-10 14:00;5.849
2024-07-10 15:00;5.762
2024-07-10 16:00;5.729
2024-07-10 17:00;5.711
2024-07-10 18:00;5.771
2024-07-10 19:00;5.504
2024-07-10 20:00;5.422
2024-07-10 21:00;5.345
2024-07-10 22:00;5.362
2024-07-10 23:00;5.266
2024-07-11 00:00;5.273
2024-07-11 01:00;5.263
2024-07-11 02:00;5.189
2024-07-11 03:00;5.245
2024-07-11 04:00;5.281
2024-07-11 05:00;5.293
2024-07-11 06:00;5.465
2024-07-11 07:00;5.592
2024-07-11 08:00;5.801
2024-07-11 09:00;5.822
2024-07-11 10:00;5.814
2024-07-11 11:00;5.820
2024-07-11 12:00;5.813
2024-07-11 13:00;5.926
2024-07-11 14:00;5.904
2024-07-11 15:00;5.890
2024-07-11 16:00;5.914
2024-07-11 17:00;5.883
2024-07-11 18:00;5.956
2024-07-11 19:00;5.863
2024-07-11 20:00;5.840
2024-07-11 21:00;5.743
2024-07-11 22:00;5.692
2024-07-11 23:00;5.617
2024-07-12 00:00;5.653
2024-07-12 01:00;5.542
2024-07-12 02:00;5.436
2024-07-12 03:00;5.517
2024-07-12 04:00;5.604
2024-07-12 05:00;5.852
2024-07-12 06:00;5.972
2024-07-12 07:00;6.028
2024-07-12 08:00;6.036
2024-07-12 09:00;6.190
2024-07-12 10:00;6.353
2024-07-12 11:00;6.384
2024-07-12 12:00;6.188
2024-07-12 13:00;6.416
2024-07-12 14:00;6.664
2024-07-12 15:00;6.559
2024-07-12 16:00;6.486
2024-07-12 17:00;6.470
2024-07-12 18:00;6.333
2024-07-12 19:00;6.260
2024-07-12 20:00;6.117
2024-07-12 21:00;6.004
2024-07-12 22:00;5.851
2024-07-12 23:00;5.715
2024-07-13 00:00;5.226
2024-07-13 01:00;5.392
2024-07-13 02:00;5.572
2024-07-13 03:00;5.445
2024-07-13 04:00;5.466
2024-07-13 05:00;5.462
2024-07-13 06:00;5.616
2024-07-13 07:00;5.648
2024-07-13 08:00;5.683
2024-07-13 09:00;5.704
2024-07-13 10:00;5.801
2024-07-13 11:00;5.817
2024-07-13 12:00;5.798
2024-07-13 13:00;5.809
2024-07-13 14:00;5.739
2024-07-13 15:00;5.692
2024-07-13 16:00;5.703
2024-07-13 17:00;5.746
2024-07-13 18:00;5.613
2024-07-13 19:00;5.580
2024-07-13 20:00;5.499
2024-07-13 21:00;5.503
2024-07-13 22:00;5.437
2024-07-13 23:00;5.517
2024-07-14 00:00;5.540
2024-07-14 01:00;5.619
2024-07-14 02:00;5.650
2024-07-14 03:00;5.624
2024-07-14 04:00;5.639
2024-07-14 05:00;5.718
2024-07-14 06:00;5.847
2024-07-14 07:00;5.893
2024-07-14 08:00;6.086
2024-07-14 09:00;6.135
2024-07-14 10:00;6.255
2024-07-14 11:00;6.323
2024-07-14 12:00;6.211
2024-07-14 13:00;6.233
2024-07-14 14:00;6.265
2024-07-14 15:00;6.327
2024-07-14 16:00;6.221
2024-07-14 17:00;6.242
2024-07-14 18:00;6.117
2024-07-14 19:00;6.118
2024-07-14 20:00;6.074
2024-07-14 21:00;5.943
2024-07-14 22:00;5.965
2024-07-14 23:00;5.911
2024-07-15 00:00;6.454
2024-07-15 01:00;6.362
2024-07-15 02:00;6.388
2024-07-15 03:00;6.386
2024-07-15 04:00;6.345
2024-07-15 05:00;6.319
2024-07-15 06:00;6.517
2024-07-15 07:00;6.734
2024-07-15 08:00;6.740
2024-07-15 09:00;6.627
2024-07-15 10:00;6.444
2024-07-15 11:00;6.588
2024-07-15 12:00;6.517
2024-07-15 13:00;6.533
2024-07-15 14:00;6.443
2024-07-15 15:00;6.378
2024-07-15 16:00;6.275
2024-07-15 17:00;6.234
2024-07-15 18:00;6.312
2024-07-15 19:00;6.136
2024-07-15 20:00;5.565
2024-07-15 21:00;5.575
2024-07-15 22:00;5.865
2024-07-15 23:00;5.854
2024-07-16 00:00;5.755
2024-07-16 01:00;5.596
2024-07-16 02:00;5.488
2024-07-16 03:00;5.438
2024-07-16 04:00;5.444
2024-07-16 05:00;5.605
2024-07-16 06:00;5.664
2024-07-16 07:00;5.582
2024-07-16 08:00;5.677
2024-07-16 09:00;5.790
2024-07-16 10:00;6.150
2024-07-16 11:00;6.189
2024-07-16 12:00;6.226
2024-07-16 13:00;6.208
2024-07-16 14:00;5.948
2024-07-16 15:00;5.804
2024-07-16 16:00;5.840
2024-07-16 17:00;5.772
2024-07-16 18:00;5.660
2024-07-16 19:00;5.783
2024-07-16 20:00;5.738
2024-07-16 21:00;5.641
2024-07-16 22:00;5.618
2024-07-16 23:00;5.574
2024-07-17 00:00;5.580
2024-07-17 01:00;5.430
2024-07-17 02:00;5.398
2024-07-17 03:00;5.444
2024-07-17 04:00;5.543
2024-07-17 05:00;5.618
2024-07-17 06:00;5.672
2024-07-17 07:00;5.801
2024-07-17 08:00;6.007
2024-07-17 09:00;6.197
2024-07-17 10:00;6.251
2024-07-17 11:00;6.240
2024-07-17 12:00;6.296
2024-07-17 13:00;6.344
2024-07-17 14:00;6.521
2024-07-17 15:00;6.435
2024-07-17 16:00;6.474
2024-07-17 17:00;6.511
2024-07-17 18:00;6.503
2024-07-17 19:00;6.626
2024-07-17 20:00;6.510
2024-07-17 21:00;6.480
2024-07-17 22:00;6.293
2024-07-17 23:00;6.228
2024-07-18 00:00;6.135
2024-07-18 01:00;6.111
2024-07-18 02:00;6.130
2024-07-18 03:00;6.128
2024-07-18 04:00;6.174
2024-07-18 05:00;6.237
2024-07-18 06:00;6.277
2024-07-18 07:00;6.301
2024-07-18 08:00;6.286
2024-07-18 09:00;6.391
2024-07-18 10:00;6.359
2024-07-18 11:00;6.386
2024-07-18 12:00;6.337
2024-07-18 13:00;6.355
2024-07-18 14:00;6.329
2024-07-18 15:00;6.357
2024-07-18 16:00;6.332
2024-07-18 17:00;6.385
2024-07-18 18:00;6.323
2024-07-18 19:00;6.257
2024-07-18 20:00;6.112
2024-07-18 21:00;6.023
2024-07-18 22:00;5.880
2024-07-18 23:00;5.702
2024-07-19 00:00;5.643
2024-07-19 01:00;5.586
2024-07-19 02:00;5.673
2024-07-19 03:00;5.672
2024-07-19 04:00;5.756
2024-07-19 05:00;5.723
2024-07-19 06:00;5.701
2024-07-19 07:00;5.733
2024-07-19 08:00;5.796
2024-07-19 09:00;5.775
2024-07-19 10:00;5.858
2024-07-19 11:00;5.904
2024-07-19 12:00;6.060
2024-07-19 13:00;5.958
2024-07-19 14:00;5.954
2024-07-19 15:00;5.885
2024-07-19 16:00;5.724
2024-07-19 17:00;5.672
2024-07-19 18:00;5.556
2024-07-19 19:00;5.495
2024-07-19 20:00;5.451
2024-07-19 21:00;5.310
2024-07-19 22:00;5.269
2024-07-19 23:00;5.141
2024-07-20 00:00;4.556
2024-07-20 01:00;4.509
2024-07-20 02:00;4.600
2024-07-20 03:00;4.571
2024-07-20 04:00;4.679
2024-07-20 05:00;4.710
2024-07-20 06:00;4.800
2024-07-20 07:00;4.813
2024-07-20 08:00;4.845
2024-07-20 09:00;4.972
2024-07-20 10:00;4.977
2024-07-20 11:00;5.083
2024-07-20 12:00;5.175
2024-07-20 13:00;5.270
2024-07-20 14:00;5.286
2024-07-20 15:00;5.221
2024-07-20 16:00;5.146
2024-07-20 17:00;5.010
2024-07-20 18:00;4.941
2024-07-20 19:00;4.925
2024-07-20 20:00;4.956
2024-07-20 21:00;4.869
2024-07-20 22:00;4.835
2024-07-20 23:00;4.710
2024-07-21 00:00;4.766
2024-07-21 01:00;4.673
2024-07-21 02:00;4.753
2024-07-21 03:00;4.841
2024-07-21 04:00;4.878
2024-07-21 05:00;4.869
2024-07-21 06:00;4.974
2024-07-21 07:00;5.009
2024-07-21 08:00;5.169
2024-07-21 09:00;5.257
2024-07-21 10:00;5.277
2024-07-21 11:00;5.292
2024-07-21 12:00;5.467
2024-07-21 13:00;5.449
2024-07-21 14:00;5.369
2024-07-21 15:00;5.343
2024-07-21 16:00;5.231
2024-07-21 17:00;5.262
2024-07-21 18:00;5.280
2024-07-21 19:00;5.187
2024-07-21 20:00;5.094
2024-07-21 21:00;4.970
2024-07-21 22:00;4.953
2024-07-21 23:00;4.929
2024-07-22 00:00;5.575
2024-07-22 01:00;5.384
2024-07-22 02:00;5.267
2024-07-22 03:00;5.213
2024-07-22 04:00;5.183
2024-07-22 05:00;5.212
2024-07-22 06:00;5.327
2024-07-22 07:00;5.371
2024-07-22 08:00;5.516
2024-07-22 09:00;5.665
2024-07-22 10:00;5.712
2024-07-22 11:00;5.785
2024-07-22 12:00;5.767
2024-07-22 13:00;5.809
2024-07-22 14:00;5.727
2024-07-22 15:00;5.759
2024-07-22 16:00;5.874
2024-07-22 17:00;5.817
2024-07-22 18:00;5.837
2024-07-22 19:00;5.749
2024-07-22 20:00;5.676
2024-07-22 21:00;5.568
2024-07-22 22:00;5.433
2024-07-22 23:00;5.425
2024-07-23 00:00;5.499
2024-07-23 01:00;5.376
2024-07-23 02:00;5.419
2024-07-23 03:00;5.372
2024-07-23 04:00;5.497
2024-07-23 05:00;5.484
2024-07-23 06:00;5.502
2024-07-23 07:00;5.479
2024-07-23 08:00;5.613
2024-07-23 09:00;5.645
2024-07-23 10:00;5.761
2024-07-23 11:00;5.910
2024-07-23 12:00;5.890
2024-07-23 13:00;5.895
2024-07-23 14:00;5.979
2024-07-23 15:00;5.856
2024-07-23 16:00;5.825
2024-07-23 17:00;5.793
2024-07-23 18:00;5.691
2024-07-23 19:00;5.645
2024-07-23 20:00;5.665
2024-07-23 21:00;5.567
2024-07-23 22:00;5.514
2024-07-23 23:00;5.540
2024-07-24 00:00;5.516
2024-07-24 01:00;5.423
2024-07-24 02:00;5.319
2024-07-24 03:00;5.381
2024-07-24 04:00;5.433
2024-07-24 05:00;5.340
2024-07-24 06:00;5.334
2024-07-24 07:00;5.357
2024-07-24 08:00;5.437
2024-07-24 09:00;5.641
2024-07-24 10:00;5.685
2024-07-24 11:00;5.759
2024-07-24 12:00;5.885
2024-07-24 13:00;5.979
2024-07-24 14:00;5.936
2024-07-24 15:00;5.900
2024-07-24 16:00;5.912
2024-07-24 17:00;5.847
2024-07-24 18:00;5.687
2024-07-24 19:00;5.788
2024-07-24 20:00;5.633
2024-07-24 21:00;5.473
2024-07-24 22:00;5.413
2024-07-24 23:00;5.432
2024-07-25 00:00;5.343
2024-07-25 01:00;5.247
2024-07-25 02:00;5.205
2024-07-25 03:00;5.199
2024-07-25 04:00;5.241
2024-07-25 05:00;5.349
2024-07-25 06:00;5.452
2024-07-25 07:00;5.561
2024-07-25 08:00;5.574
2024-07-25 09:00;5.587
2024-07-25 10:00;5.643
2024-07-25 11:00;5.484
2024-07-25 12:00;5.610
2024-07-25 13:00;5.615
2024-07-25 14:00;5.752
2024-07-25 15:00;5.692
2024-07-25 16:00;5.609
2024-07-25 17:00;5.562
2024-07-25 18:00;5.519
2024-07-25 19:00;5.468
2024-07-25 20:00;5.468
2024-07-25 21:00;5.398
2024-07-25 22:00;5.331
2024-07-25 23:00;5.398
2024-07-26 00:00;5.338
2024-07-26 01:00;5.291
2024-07-26 02:00;5.388
2024-07-26 03:00;5.448
2024-07-26 04:00;5.515
2024-07-26 05:00;5.556
2024-07-26 06:00;5.736
2024-07-26 07:00;5.783
2024-07-26 08:00;5.922
2024-07-26 09:00;5.968
2024-07-26 10:00;6.098
2024-07-26 11:00;6.146
2024-07-26 12:00;6.118
2024-07-26 13:00;6.130
2024-07-26 14:00;6.135
2024-07-26 15:00;6.133
2024-07-26 16:00;6.103
2024-07-26 17:00;6.105
2024-07-26 18:00;6.081
2024-07-26 19:00;6.016
2024-07-26 20:00;5.714
2024-07-26 21:00;5.725
2024-07-26 22:00;5.685
2024-07-26 23:00;5.506
2024-07-27 00:00;4.955
2024-07-27 01:00;4.873
2024-07-27 02:00;4.842
2024-07-27 03:00;4.786
2024-07-27 04:00;4.865
2024-07-27 05:00;4.854
2024-07-27 06:00;5.032
2024-07-27 07:00;5.110
2024-07-27 08:00;5.114
2024-07-27 09:00;5.159
2024-07-27 10:00;5.098
2024-07-27 11:00;5.097
2024-07-27 12:00;5.031
2024-07-27 13:00;5.086
2024-07-27 14:00;5.179
2024-07-27 15:00;5.157
2024-07-27 16:00;5.109
2024-07-27 17:00;5.057
2024-07-27 18:00;4.938
2024-07-27 19:00;4.867
2024-07-27 20:00;4.799
2024-07-27 21:00;4.738
2024-07-27 22:00;4.737
2024-07-27 23:00;4.688
2024-07-28 00:00;4.618
2024-07-28 01:00;4.622
2024-07-28 02:00;4.476
2024-07-28 03:00;4.624
2024-07-28 04:00;4.582
2024-07-28 05:00;4.702
2024-07-28 06:00;4.793
2024-07-28 07:00;5.010
2024-07-28 08:00;5.026
2024-07-28 09:00;4.994
2024-07-28 10:00;5.122
2024-07-28 11:00;5.200
2024-07-28 12:00;5.258
2024-07-28 13:00;5.291
2024-07-28 14:00;5.361
2024-07-28 15:00;5.332
2024-07-28 16:00;5.337
2024-07-28 17:00;5.369
2024-07-28 18:00;5.320
2024-07-28 19:00;5.253
2024-07-28 20:00;5.234
2024-07-28 21:00;5.250
2024-07-28 22:00;5.191
2024-07-28 23:00;5.050
2024-07-29 00:00;5.548
2024-07-29 01:00;5.571
2024-07-29 02:00;5.456
2024-07-29 03:00;5.372
2024-07-29 04:00;5.413
2024-07-29 05:00;5.393
2024-07-29 06:00;5.503
2024-07-29 07:00;5.462
2024-07-29 08:00;5.684
2024-07-29 09:00;5.828
2024-07-29 10:00;5.843
2024-07-29 11:00;5.805
2024-07-29 12:00;5.881
2024-07-29 13:00;5.815
2024-07-29 14:00;5.846
2024-07-29 15:00;5.735
2024-07-29 16:00;5.818
2024-07-29 17:00;5.699
2024-07-29 18:00;5.623
2024-07-29 19:00;5.596
2024-07-29 20:00;5.529
2024-07-29 21:00;5.380
2024-07-29 22:00;5.451
2024-07-29 23:00;5.596
2024-07-30 00:00;5.560
2024-07-30 01:00;5.529
2024-07-30 02:00;5.499
2024-07-30 03:00;5.476
2024-07-30 04:00;5.585
2024-07-30 05:00;5.605
2024-07-30 06:00;5.909
2024-07-30 07:00;5.905
2024-07-30 08:00;5.957
2024-07-30 09:00;6.015
2024-07-30 10:00;5.974
2024-07-30 11:00;5.945
2024-07-30 12:00;6.010
2024-07-30 13:00;6.098
2024-07-30 14:00;6.121
2024-07-30 15:00;6.120
2024-07-30 16:00;6.036
2024-07-30 17:00;6.043
2024-07-30 18:00;5.907
2024-07-30 19:00;5.841
2024-07-30 20:00;5.770
2024-07-30 21:00;5.682
2024-07-30 22:00;5.630
2024-07-30 23:00;5.636
2024-07-31 00:00;5.595
2024-07-31 01:00;5.548
2024-07-31 02:00;5.504
2024-07-31 03:00;5.581
2024-07-31 04:00;5.525
2024-07-31 05:00;5.538
2024-07-31 06:00;5.630
2024-07-31 07:00;5.713
2024-07-31 08:00;5.740
2024-07-31 09:00;5.750
2024-07-31 10:00;5.830
2024-07-31 11:00;5.888
2024-07-31 12:00;5.827
2024-07-31 13:00;5.956
2024-07-31 14:00;5.992
2024-07-31 15:00;6.041
2024-07-31 16:00;5.973
2024-07-31 17:00;5.915
2024-07-31 18:00;5.856
2024-07-31 19:00;5.869
2024-07-31 20:00;5.785
2024-07-31 21:00;5.730
2024-07-31 22:00;5.724
2024-07-31 23:00;5.767
2024-08-01 00:00;5.655
2024-08-01 01:00;5.560
2024-08-01 02:00;5.656
2024-08-01 03:00;5.633
2024-08-01 04:00;5.635
2024-08-01 05:00;5.671
2024-08-01 06:00;5.703
2024-08-01 07:00;5.744
2024-08-01 08:00;5.873
2024-08-01 09:00;5.876
2024-08-01 10:00;5.929
2024-08-01 11:00;6.122
2024-08-01 12:00;6.206
2024-08-01 13:00;6.210
2024-08-01 14:00;6.208
2024-08-01 15:00;6.170
2024-08-01 16:00;5.965
2024-08-01 17:00;5.991
2024-08-01 18:00;5.886
2024-08-01 19:00;5.656
2024-08-01 20:00;5.562
2024-08-01 21:00;5.617
2024-08-01 22:00;5.504
2024-08-01 23:00;5.388
2024-08-02 00:00;5.443
2024-08-02 01:00;5.479
2024-08-02 02:00;5.487
2024-08-02 03:00;5.507
2024-08-02 04:00;5.560
2024-08-02 05:00;5.564
2024-08-02 06:00;5.620
2024-08-02 07:00;5.740
2024-08-02 08:00;5.846
2024-08-02 09:00;5.919
2024-08-02 10:00;5.945
2024-08-02 11:00;6.073
2024-08-02 12:00;5.996
2024-08-02 13:00;6.010
2024-08-02 14:00;6.085
2024-08-02 15:00;6.124
2024-08-02 16:00;6.025
2024-08-02 17:00;5.879
2024-08-02 18:00;5.837
2024-08-02 19:00;5.744
2024-08-02 20:00;5.656
2024-08-02 21:00;5.526
2024-08-02 22:00;5.296
2024-08-02 23:00;5.263
2024-08-03 00:00;4.709
2024-08-03 01:00;4.648
2024-08-03 02:00;4.587
2024-08-03 03:00;4.575
2024-08-03 04:00;4.627
2024-08-03 05:00;4.602
2024-08-03 06:00;4.782
2024-08-03 07:00;4.940
2024-08-03 08:00;5.007
2024-08-03 09:00;5.085
2024-08-03 10:00;5.110
2024-08-03 11:00;5.095
2024-08-03 12:00;5.104
2024-08-03 13:00;5.175
2024-08-03 14:00;5.176
2024-08-03 15:00;5.213
2024-08-03 16:00;5.258
2024-08-03 17:00;5.223
2024-08-03 18:00;5.138
2024-08-03 19:00;4.901
2024-08-03 20:00;4.816
2024-08-03 21:00;4.712
2024-08-03 22:00;4.711
2024-08-03 23:00;4.513
2024-08-04 00:00;4.454
2024-08-04 01:00;4.572
2024-08-04 02:00;4.579
2024-08-04 03:00;4.588
2024-08-04 04:00;4.584
2024-08-04 05:00;4.651
2024-08-04 06:00;4.650
2024-08-04 07:00;4.707
2024-08-04 08:00;4.765
2024-08-04 09:00;4.850
2024-08-04 10:00;4.992
2024-08-04 11:00;5.039
2024-08-04 12:00;5.134
2024-08-04 13:00;5.130
2024-08-04 14:00;5.241
2024-08-04 15:00;5.271
2024-08-04 16:00;5.351
2024-08-04 17:00;5.188
2024-08-04 18:00;5.190
2024-08-04 19:00;5.112
2024-08-04 20:00;5.082
2024-08-04 21:00;5.024
2024-08-04 22:00;4.927
2024-08-04 23:00;4.812
2024-08-05 00:00;5.264
2024-08-05 01:00;5.233
2024-08-05 02:00;5.276
2024-08-05 03:00;5.306
2024-08-05 04:00;5.344
2024-08-05 05:00;5.451
2024-08-05 06:00;5.571
2024-08-05 07:00;5.641
2024-08-05 08:00;5.648
2024-08-05 09:00;5.619
2024-08-05 10:00;5.672
2024-08-05 11:00;5.713
2024-08-05 12:00;5.921
2024-08-05 13:00;5.904
2024-08-05 14:00;5.879
2024-08-05 15:00;5.871
2024-08-05 16:00;5.802
2024-08-05 17:00;5.803
2024-08-05 18:00;5.713
2024-08-05 19:00;5.666
2024-08-05 20:00;5.603
2024-08-05 21:00;5.467
2024-08-05 22:00;5.329
2024-08-05 23:00;5.349
2024-08-06 00:00;5.214
2024-08-06 01:00;5.223
2024-08-06 02:00;5.273
2024-08-06 03:00;5.258
2024-08-06 04:00;5.247
2024-08-06 05:00;5.430
2024-08-06 06:00;5.516
2024-08-06 07:00;5.587
2024-08-06 08:00;5.691
2024-08-06 09:00;5.689
2024-08-06 10:00;5.658
2024-08-06 11:00;5.903
2024-08-06 12:00;5.938
2024-08-06 13:00;5.925
2024-08-06 14:00;5.908
2024-08-06 15:00;5.928
2024-08-06 16:00;5.854
2024-08-06 17:00;5.849
2024-08-06 18:00;5.668
2024-08-06 19:00;5.746
2024-08-06 20:00;5.697
2024-08-06 21:00;5.578
2024-08-06 22:00;5.389
2024-08-06 23:00;5.377
2024-08-07 00:00;5.424
2024-08-07 01:00;5.552
2024-08-07 02:00;5.581
2024-08-07 03:00;5.665
2024-08-07 04:00;5.680
2024-08-07 05:00;5.781
2024-08-07 06:00;5.839
2024-08-07 07:00;6.021
2024-08-07 08:00;6.168
2024-08-07 09:00;6.133
2024-08-07 10:00;6.165
2024-08-07 11:00;6.102
2024-08-07 12:00;6.159
2024-08-07 13:00;6.125
2024-08-07 14:00;6.182
2024-08-07 15:00;6.195
2024-08-07 16:00;6.124
2024-08-07 17:00;6.093
2024-08-07 18:00;6.012
2024-08-07 19:00;5.975
2024-08-07 20:00;5.999
2024-08-07 21:00;5.724
2024-08-07 22:00;5.685
2024-08-07 23:00;5.657
2024-08-08 00:00;5.473
2024-08-08 01:00;5.385
2024-08-08 02:00;5.356
2024-08-08 03:00;5.326
2024-08-08 04:00;5.440
2024-08-08 05:00;5.356
2024-08-08 06:00;5.375
2024-08-08 07:00;5.546
2024-08-08 08:00;5.681
2024-08-08 09:00;5.721
2024-08-08 10:00;5.672
2024-08-08 11:00;5.693
2024-08-08 12:00;5.651
2024-08-08 13:00;5.679
2024-08-08 14:00;5.601
2024-08-08 15:00;5.604
2024-08-08 16:00;5.690
2024-08-08 17:00;5.591
2024-08-08 18:00;5.584
2024-08-08 19:00;5.508
2024-08-08 20:00;5.435
2024-08-08 21:00;5.341
2024-08-08 22:00;5.237
2024-08-08 23:00;5.239
2024-08-09 00:00;5.127
2024-08-09 01:00;5.134
2024-08-09 02:00;5.070
2024-08-09 03:00;5.066
2024-08-09 04:00;4.905
2024-08-09 05:00;5.036
2024-08-09 06:00;5.023
2024-08-09 07:00;5.063
2024-08-09 08:00;5.181
2024-08-09 09:00;5.363
2024-08-09 10:00;5.395
2024-08-09 11:00;5.292
2024-08-09 12:00;5.498
2024-08-09 13:00;5.545
2024-08-09 14:00;5.727
2024-08-09 15:00;5.587
2024-08-09 16:00;5.662
2024-08-09 17:00;5.611
2024-08-09 18:00;5.546
2024-08-09 19:00;5.636
2024-08-09 20:00;5.506
2024-08-09 21:00;5.232
2024-08-09 22:00;5.200
2024-08-09 23:00;5.093
2024-08-10 00:00;4.564
2024-08-10 01:00;4.499
2024-08-10 02:00;4.513
2024-08-10 03:00;4.465
2024-08-10 04:00;4.489
2024-08-10 05:00;4.650
2024-08-10 06:00;4.691
2024-08-10 07:00;4.828
2024-08-10 08:00;4.935
2024-08-10 09:00;4.980
2024-08-10 10:00;4.969
2024-08-10 11:00;4.982
2024-08-10 12:00;5.027
2024-08-10 13:00;4.966
2024-08-10 14:00;5.015
2024-08-10 15:00;5.069
2024-08-10 16:00;5.051
2024-08-10 17:00;5.167
2024-08-10 18:00;5.147
2024-08-10 19:00;5.101
2024-08-10 20:00;4.982
2024-08-10 21:00;4.894
2024-08-10 22:00;4.923
2024-08-10 23:00;4.896
2024-08-11 00:00;4.826
2024-08-11 01:00;4.813
2024-08-11 02:00;4.754
2024-08-11 03:00;4.809
2024-08-11 04:00;4.853
2024-08-11 05:00;5.066
2024-08-11 06:00;5.296
2024-08-11 07:00;5.495
2024-08-11 08:00;5.341
2024-08-11 09:00;5.329
2024-08-11 10:00;5.311
2024-08-11 11:00;5.300
2024-08-11 12:00;5.341
2024-08-11 13:00;5.269
2024-08-11 14:00;5.273
2024-08-11 15:00;5.264
2024-08-11 16:00;5.204
2024-08-11 17:00;5.142
2024-08-11 18:00;5.010
2024-08-11 19:00;5.130
2024-08-11 20:00;5.039
2024-08-11 21:00;4.932
2024-08-11 22:00;4.913
2024-08-11 23:00;4.816
2024-08-12 00:00;5.351
2024-08-12 01:00;5.241
2024-08-12 02:00;5.288
2024-08-12 03:00;5.303
2024-08-12 04:00;5.374
2024-08-12 05:00;5.527
2024-08-12 06:00;5.806
2024-08-12 07:00;5.770
2024-08-12 08:00;5.861
2024-08-12 09:00;5.868
2024-08-12 10:00;5.823
2024-08-12 11:00;5.725
2024-08-12 12:00;5.787
2024-08-12 13:00;5.922
2024-08-12 14:00;6.016
2024-08-12 15:00;6.081
2024-08-12 16:00;6.026
2024-08-12 17:00;5.895
2024-08-12 18:00;5.869
2024-08-12 19:00;5.749
2024-08-12 20:00;5.730
2024-08-12 21:00;5.741
2024-08-12 22:00;5.637
2024-08-12 23:00;5.627
2024-08-13 00:00;5.683
2024-08-13 01:00;5.676
2024-08-13 02:00;5.592
2024-08-13 03:00;5.639
2024-08-13 04:00;5.590
2024-08-13 05:00;5.755
2024-08-13 06:00;5.770
2024-08-13 07:00;5.744
2024-08-13 08:00;5.752
2024-08-13 09:00;5.932
2024-08-13 10:00;6.045
2024-08-13 11:00;6.151
2024-08-13 12:00;6.168
2024-08-13 13:00;6.202
2024-08-13 14:00;6.149
2024-08-13 15:00;6.210
2024-08-13 16:00;6.205
2024-08-13 17:00;6.135
2024-08-13 18:00;6.031
2024-08-13 19:00;5.961
2024-08-13 20:00;5.863
2024-08-13 21:00;5.911
2024-08-13 22:00;5.795
2024-08-13 23:00;5.569
2024-08-14 00:00;5.520
2024-08-14 01:00;5.454
2024-08-14 02:00;5.449
2024-08-14 03:00;5.460
2024-08-14 04:00;5.488
2024-08-14 05:00;5.549
2024-08-14 06:00;5.596
2024-08-14 07:00;5.674
2024-08-14 08:00;5.736
2024-08-14 09:00;5.764
2024-08-14 10:00;5.746
2024-08-14 11:00;5.638
2024-08-14 12:00;5.730
2024-08-14 13:00;5.914
2024-08-14 14:00;5.996
2024-08-14 15:00;6.039
2024-08-14 16:00;5.955
2024-08-14 17:00;6.072
2024-08-14 18:00;5.931
2024-08-14 19:00;5.918
2024-08-14 20:00;5.950
2024-08-14 21:00;5.726
2024-08-14 22:00;5.659
2024-08-14 23:00;5.639
2024-08-15 00:00;5.419
2024-08-15 01:00;5.371
2024-08-15 02:00;5.382
2024-08-15 03:00;5.370
2024-08-15 04:00;5.501
2024-08-15 05:00;5.535
2024-08-15 06:00;5.537
2024-08-15 07:00;5.574
2024-08-15 08:00;5.578
2024-08-15 09:00;5.792
2024-08-15 10:00;5.655
2024-08-15 11:00;5.785
2024-08-15 12:00;5.937
2024-08-15 13:00;6.019
2024-08-15 14:00;6.038
2024-08-15 15:00;6.056
2024-08-15 16:00;6.102
2024-08-15 17:00;6.082
2024-08-15 18:00;6.000
2024-08-15 19:00;5.924
2024-08-15 20:00;5.717
2024-08-15 21:00;5.762
2024-08-15 22:00;5.757
2024-08-15 23:00;5.648
2024-08-16 00:00;5.633
2024-08-16 01:00;5.620
2024-08-16 02:00;5.444
2024-08-16 03:00;5.557
2024-08-16 04:00;5.588
2024-08-16 05:00;5.600
2024-08-16 06:00;5.752
2024-08-16 07:00;5.865
2024-08-16 08:00;5.962
2024-08-16 09:00;5.950
2024-08-16 10:00;6.019
2024-08-16 11:00;6.093
2024-08-16 12:00;6.174
2024-08-16 13:00;6.196
2024-08-16 14:00;6.249
2024-08-16 15:00;6.335
2024-08-16 16:00;6.395
2024-08-16 17:00;6.510
2024-08-16 18:00;6.349
2024-08-16 19:00;6.157
2024-08-16 20:00;5.971
2024-08-16 21:00;5.911
2024-08-16 22:00;5.768
2024-08-16 23:00;5.694
2024-08-17 00:00;5.205
2024-08-17 01:00;5.323
2024-08-17 02:00;5.395
2024-08-17 03:00;5.429
2024-08-17 04:00;5.393
2024-08-17 05:00;5.491
2024-08-17 06:00;5.574
2024-08-17 07:00;5.633
2024-08-17 08:00;5.597
2024-08-17 09:00;5.601
2024-08-17 10:00;5.679
2024-08-17 11:00;5.628
2024-08-17 12:00;5.566
2024-08-17 13:00;5.540
2024-08-17 14:00;5.641
2024-08-17 15:00;5.664
2024-08-17 16:00;5.605
2024-08-17 17:00;5.579
2024-08-17 18:00;5.480
2024-08-17 19:00;5.397
2024-08-17 20:00;5.395
2024-08-17 21:00;5.265
2024-08-17 22:00;5.171
2024-08-17 23:00;4.918
2024-08-18 00:00;4.898
2024-08-18 01:00;4.888
2024-08-18 02:00;5.048
2024-08-18 03:00;4.918
2024-08-18 04:00;4.927
2024-08-18 05:00;4.927
2024-08-18 06:00;4.968
2024-08-18 07:00;5.009
2024-08-18 08:00;5.125
2024-08-18 09:00;5.186
2024-08-18 10:00;5.251
2024-08-18 11:00;5.102
2024-08-18 12:00;5.083
2024-08-18 13:00;5.100
2024-08-18 14:00;5.004
2024-08-18 15:00;4.987
2024-08-18 16:00;4.962
2024-08-18 17:00;5.218
2024-08-18 18:00;5.091
2024-08-18 19:00;4.880
2024-08-18 20:00;4.779
2024-08-18 21:00;4.824
2024-08-18 22:00;4.735
2024-08-18 23:00;4.757
2024-08-19 00:00;5.224
2024-08-19 01:00;5.172
2024-08-19 02:00;5.263
2024-08-19 03:00;5.389
2024-08-19 04:00;5.551
2024-08-19 05:00;5.667
2024-08-19 06:00;5.702
2024-08-19 07:00;5.800
2024-08-19 08:00;5.705
2024-08-19 09:00;5.766
2024-08-19 10:00;5.990
2024-08-19 11:00;6.108
2024-08-19 12:00;6.211
2024-08-19 13:00;6.281
2024-08-19 14:00;6.288
2024-08-19 15:00;6.224
2024-08-19 16:00;6.147
2024-08-19 17:00;6.057
2024-08-19 18:00;6.091
2024-08-19 19:00;5.903
2024-08-19 20:00;5.846
2024-08-19 21:00;5.821
2024-08-19 22:00;5.819
2024-08-19 23:00;5.852
2024-08-20 00:00;5.745
2024-08-20 01:00;5.742
2024-08-20 02:00;5.715
2024-08-20 03:00;5.557
2024-08-20 04:00;5.708
2024-08-20 05:00;5.848
2024-08-20 06:00;5.745
2024-08-20 07:00;5.901
2024-08-20 08:00;6.002
2024-08-20 09:00;6.180
2024-08-20 10:00;6.220
2024-08-20 11:00;6.164
2024-08-20 12:00;6.171
2024-08-20 13:00;6.231
2024-08-20 14:00;6.214
2024-08-20 15:00;6.164
2024-08-20 16:00;6.120
2024-08-20 17:00;6.058
2024-08-20 18:00;6.000
2024-08-20 19:00;5.920
2024-08-20 20:00;5.802
2024-08-20 21:00;5.708
2024-08-20 22:00;5.742
2024-08-20 23:00;5.643
2024-08-21 00:00;5.622
2024-08-21 01:00;5.478
2024-08-21 02:00;5.500
2024-08-21 03:00;5.489
2024-08-21 04:00;5.524
2024-08-21 05:00;5.632
2024-08-21 06:00;5.684
2024-08-21 07:00;5.751
2024-08-21 08:00;5.823
2024-08-21 09:00;6.144
2024-08-21 10:00;6.182
2024-08-21 11:00;6.270
2024-08-21 12:00;6.307
2024-08-21 13:00;6.383
2024-08-21 14:00;6.414
2024-08-21 15:00;6.576
2024-08-21 16:00;6.258
2024-08-21 17:00;6.207
2024-08-21 18:00;6.319
2024-08-21 19:00;6.271
2024-08-21 20:00;6.147
2024-08-21 21:00;6.079
2024-08-21 22:00;5.999
2024-08-21 23:00;5.937
2024-08-22 00:00;5.843
2024-08-22 01:00;5.787
2024-08-22 02:00;5.743
2024-08-22 03:00;5.793
2024-08-22 04:00;5.780
2024-08-22 05:00;5.898
2024-08-22 06:00;5.960
2024-08-22 07:00;6.004
2024-08-22 08:00;6.065
2024-08-22 09:00;6.197
2024-08-22 10:00;6.285
2024-08-22 11:00;6.361
2024-08-22 12:00;6.319
2024-08-22 13:00;6.304
2024-08-22 14:00;6.326
2024-08-22 15:00;6.359
2024-08-22 16:00;6.450
2024-08-22 17:00;6.328
2024-08-22 18:00;6.265
2024-08-22 19:00;6.227
2024-08-22 20:00;6.121
2024-08-22 21:00;6.110
2024-08-22 22:00;5.997
2024-08-22 23:00;5.848
2024-08-23 00:00;5.761
2024-08-23 01:00;5.670
2024-08-23 02:00;5.692
2024-08-23 03:00;5.695
2024-08-23 04:00;5.887
2024-08-23 05:00;5.673
2024-08-23 06:00;5.644
2024-08-23 07:00;5.636
2024-08-23 08:00;5.749
2024-08-23 09:00;5.810
2024-08-23 10:00;5.767
2024-08-23 11:00;5.720
2024-08-23 12:00;5.882
2024-08-23 13:00;5.998
2024-08-23 14:00;5.973
2024-08-23 15:00;5.984
2024-08-23 16:00;5.967
2024-08-23 17:00;5.950
2024-08-23 18:00;5.958
2024-08-23 19:00;5.864
2024-08-23 20:00;5.738
2024-08-23 21:00;5.678
2024-08-23 22:00;5.653
2024-08-23 23:00;5.642
2024-08-24 00:00;5.192
2024-08-24 01:00;5.171
2024-08-24 02:00;5.172
2024-08-24 03:00;5.159
2024-08-24 04:00;5.242
2024-08-24 05:00;5.187
2024-08-24 06:00;5.181
2024-08-24 07:00;5.302
2024-08-24 08:00;5.442
2024-08-24 09:00;5.337
2024-08-24 10:00;5.590
2024-08-24 11:00;5.729
2024-08-24 12:00;5.797
2024-08-24 13:00;5.719
2024-08-24 14:00;5.710
2024-08-24 15:00;5.507
2024-08-24 16:00;5.279
2024-08-24 17:00;5.271
2024-08-24 18:00;5.199
2024-08-24 19:00;5.033
2024-08-24 20:00;4.906
2024-08-24 21:00;4.895
2024-08-24 22:00;4.931
2024-08-24 23:00;4.910
2024-08-25 00:00;4.818
2024-08-25 01:00;4.776
2024-08-25 02:00;4.815
2024-08-25 03:00;4.986
2024-08-25 04:00;4.976
2024-08-25 05:00;5.042
2024-08-25 06:00;5.149
2024-08-25 07:00;5.356
2024-08-25 08:00;5.416
2024-08-25 09:00;5.521
2024-08-25 10:00;5.635
2024-08-25 11:00;5.656
2024-08-25 12:00;5.748
2024-08-25 13:00;5.759
2024-08-25 14:00;5.689
2024-08-25 15:00;5.637
2024-08-25 16:00;5.616
2024-08-25 17:00;5.688
2024-08-25 18:00;5.664
2024-08-25 19:00;5.683
2024-08-25 20:00;5.726
2024-08-25 21:00;5.745
2024-08-25 22:00;5.730
2024-08-25 23:00;5.690
2024-08-26 00:00;5.892
2024-08-26 01:00;5.824
2024-08-26 02:00;5.785
2024-08-26 03:00;5.815
2024-08-26 04:00;5.775
2024-08-26 05:00;6.061
2024-08-26 06:00;6.215
2024-08-26 07:00;6.287
2024-08-26 08:00;6.267
2024-08-26 09:00;6.265
2024-08-26 10:00;6.348
2024-08-26 11:00;6.419
2024-08-26 12:00;6.415
2024-08-26 13:00;6.439
2024-08-26 14:00;6.414
2024-08-26 15:00;6.381
2024-08-26 16:00;6.549
2024-08-26 17:00;6.497
2024-08-26 18:00;6.509
2024-08-26 19:00;6.349
2024-08-26 20:00;6.217
2024-08-26 21:00;6.214
2024-08-26 22:00;6.137
2024-08-26 23:00;5.930
2024-08-27 00:00;5.892
2024-08-27 01:00;5.945
2024-08-27 02:00;5.959
2024-08-27 03:00;5.969
2024-08-27 04:00;6.028
2024-08-27 05:00;5.951
2024-08-27 06:00;5.940
2024-08-27 07:00;5.918
2024-08-27 08:00;6.043
2024-08-27 09:00;6.115
2024-08-27 10:00;6.293
2024-08-27 11:00;6.272
2024-08-27 12:00;6.415
2024-08-27 13:00;6.446
2024-08-27 14:00;6.455
2024-08-27 15:00;6.318
2024-08-27 16:00;6.150
2024-08-27 17:00;6.026
2024-08-27 18:00;6.043
2024-08-27 19:00;6.070
2024-08-27 20:00;5.920
2024-08-27 21:00;5.888
2024-08-27 22:00;5.892
2024-08-27 23:00;5.857
2024-08-28 00:00;5.788
2024-08-28 01:00;5.679
2024-08-28 02:00;5.422
2024-08-28 03:00;5.544
2024-08-28 04:00;5.499
2024-08-28 05:00;5.493
2024-08-28 06:00;5.646
2024-08-28 07:00;5.730
2024-08-28 08:00;5.660
2024-08-28 09:00;5.697
2024-08-28 10:00;5.626
2024-08-28 11:00;5.654
2024-08-28 12:00;5.609
2024-08-28 13:00;5.534
2024-08-28 14:00;5.551
2024-08-28 15:00;5.576
2024-08-28 16:00;5.616
2024-08-28 17:00;5.541
2024-08-28 18:00;5.476
2024-08-28 19:00;5.456
2024-08-28 20:00;5.434
2024-08-28 21:00;5.340
2024-08-28 22:00;5.236
2024-08-28 23:00;5.131
2024-08-29 00:00;5.050
2024-08-29 01:00;5.112
2024-08-29 02:00;5.145
2024-08-29 03:00;5.140
2024-08-29 04:00;5.163
2024-08-29 05:00;5.360
2024-08-29 06:00;5.445
2024-08-29 07:00;5.540
2024-08-29 08:00;5.627
2024-08-29 09:00;5.778
2024-08-29 10:00;5.806
2024-08-29 11:00;5.834
2024-08-29 12:00;5.853
2024-08-29 13:00;5.844
2024-08-29 14:00;5.786
2024-08-29 15:00;5.717
2024-08-29 16:00;5.779
2024-08-29 17:00;5.597
2024-08-29 18:00;5.528
2024-08-29 19:00;5.582
2024-08-29 20:00;5.600
2024-08-29 21:00;5.523
2024-08-29 22:00;5.451
2024-08-29 23:00;5.378
2024-08-30 00:00;5.249
2024-08-30 01:00;5.181
2024-08-30 02:00;5.182
2024-08-30 03:00;5.221
2024-08-30 04:00;5.325
2024-08-30 05:00;5.242
2024-08-30 06:00;5.296
2024-08-30 07:00;5.429
2024-08-30 08:00;5.526
2024-08-30 09:00;5.599
2024-08-30 10:00;5.660
2024-08-30 11:00;5.660
2024-08-30 12:00;5.831
2024-08-30 13:00;5.963
2024-08-30 14:00;5.915
2024-08-30 15:00;5.849
2024-08-30 16:00;5.809
2024-08-30 17:00;5.831
2024-08-30 18:00;5.794
2024-08-30 19:00;5.873
2024-08-30 20:00;5.903
2024-08-30 21:00;5.913
2024-08-30 22:00;5.752
2024-08-30 23:00;5.677
2024-08-31 00:00;4.949
2024-08-31 01:00;4.855
2024-08-31 02:00;4.831
2024-08-31 03:00;4.860
2024-08-31 04:00;4.999
2024-08-31 05:00;5.057
2024-08-31 06:00;5.069
2024-08-31 07:00;5.084
2024-08-31 08:00;5.078
2024-08-31 09:00;5.100
2024-08-31 10:00;5.198
2024-08-31 11:00;5.228
2024-08-31 12:00;5.326
2024-08-31 13:00;5.607
2024-08-31 14:00;5.756
2024-08-31 15:00;5.497
2024-08-31 16:00;5.442
2024-08-31 17:00;5.400
2024-08-31 18:00;5.181
2024-08-31 19:00;5.095
2024-08-31 20:00;5.107
2024-08-31 21:00;5.101
2024-08-31 22:00;5.122
2024-08-31 23:00;5.093
2024-09-01 00:00;5.167
2024-09-01 01:00;4.968
2024-09-01 02:00;4.836
2024-09-01 03:00;4.612
2024-09-01 04:00;4.655
2024-09-01 05:00;4.700
2024-09-01 06:00;4.806
2024-09-01 07:00;5.057
2024-09-01 08:00;5.252
2024-09-01 09:00;5.459
2024-09-01 10:00;5.527
2024-09-01 11:00;5.480
2024-09-01 12:00;5.404
2024-09-01 13:00;5.299
2024-09-01 14:00;5.207
2024-09-01 15:00;5.092
2024-09-01 16:00;4.944
2024-09-01 17:00;4.923
2024-09-01 18:00;5.170
2024-09-01 19:00;5.311
2024-09-01 20:00;5.231
2024-09-01 21:00;5.086
2024-09-01 22:00;4.944
2024-09-01 23:00;4.724
2024-09-02 00:00;5.072
2024-09-02 01:00;4.941
2024-09-02 02:00;4.910
2024-09-02 03:00;4.971
2024-09-02 04:00;5.240
2024-09-02 05:00;5.370
2024-09-02 06:00;5.459
2024-09-02 07:00;5.717
2024-09-02 08:00;5.760
2024-09-02 09:00;5.680
2024-09-02 10:00;5.759
2024-09-02 11:00;5.865
2024-09-02 12:00;5.876
2024-09-02 13:00;5.877
2024-09-02 14:00;5.920
2024-09-02 15:00;5.900
2024-09-02 16:00;5.855
2024-09-02 17:00;5.901
2024-09-02 18:00;5.724
2024-09-02 19:00;5.550
2024-09-02 20:00;5.557
2024-09-02 21:00;5.412
2024-09-02 22:00;5.382
2024-09-02 23:00;5.443
2024-09-03 00:00;5.466
2024-09-03 01:00;5.482
2024-09-03 02:00;5.368
2024-09-03 03:00;5.307
2024-09-03 04:00;5.326
2024-09-03 05:00;5.651
2024-09-03 06:00;5.826
2024-09-03 07:00;5.949
2024-09-03 08:00;5.966
2024-09-03 09:00;5.744
2024-09-03 10:00;5.648
2024-09-03 11:00;5.775
2024-09-03 12:00;5.888
2024-09-03 13:00;6.012
2024-09-03 14:00;6.048
2024-09-03 15:00;5.994
2024-09-03 16:00;5.978
2024-09-03 17:00;5.933
2024-09-03 18:00;5.707
2024-09-03 19:00;5.590
2024-09-03 20:00;5.653
2024-09-03 21:00;5.646
2024-09-03 22:00;5.550
2024-09-03 23:00;5.522
2024-09-04 00:00;5.421
2024-09-04 01:00;5.306
2024-09-04 02:00;5.239
2024-09-04 03:00;5.197
2024-09-04 04:00;5.165
2024-09-04 05:00;5.362
2024-09-04 06:00;5.445
2024-09-04 07:00;5.576
2024-09-04 08:00;5.670
2024-09-04 09:00;5.580
2024-09-04 10:00;5.624
2024-09-04 11:00;5.631
2024-09-04 12:00;5.715
2024-09-04 13:00;5.699
2024-09-04 14:00;5.676
2024-09-04 15:00;5.640
2024-09-04 16:00;5.640
2024-09-04 17:00;5.585
2024-09-04 18:00;5.554
2024-09-04 19:00;5.491
2024-09-04 20:00;5.402
2024-09-04 21:00;5.277
2024-09-04 22:00;5.216
2024-09-04 23:00;5.221
2024-09-05 00:00;5.178
2024-09-05 01:00;5.157
2024-09-05 02:00;5.082
2024-09-05 03:00;5.063
2024-09-05 04:00;5.072
2024-09-05 05:00;5.126
2024-09-05 06:00;5.234
2024-09-05 07:00;5.304
2024-09-05 08:00;5.525
2024-09-05 09:00;5.591
2024-09-05 10:00;5.706
2024-09-05 11:00;5.713
2024-09-05 12:00;5.964
2024-09-05 13:00;5.831
2024-09-05 14:00;5.720
2024-09-05 15:00;5.784
2024-09-05 16:00;5.771
2024-09-05 17:00;5.693
2024-09-05 18:00;5.736
2024-09-05 19:00;5.735
2024-09-05 20:00;5.653
2024-09-05 21:00;5.473
2024-09-05 22:00;5.468
2024-09-05 23:00;5.387
2024-09-06 00:00;5.439
2024-09-06 01:00;5.471
2024-09-06 02:00;5.407
2024-09-06 03:00;5.356
2024-09-06 04:00;5.534
2024-09-06 05:00;5.589
2024-09-06 06:00;5.593
2024-09-06 07:00;5.816
2024-09-06 08:00;5.789
2024-09-06 09:00;5.876
2024-09-06 10:00;5.870
2024-09-06 11:00;5.752
2024-09-06 12:00;5.808
2024-09-06 13:00;5.591
2024-09-06 14:00;5.625
2024-09-06 15:00;5.474
2024-09-06 16:00;5.490
2024-09-06 17:00;5.485
2024-09-06 18:00;5.479
2024-09-06 19:00;5.547
2024-09-06 20:00;5.464
2024-09-06 21:00;5.277
2024-09-06 22:00;5.236
2024-09-06 23:00;5.157
2024-09-07 00:00;4.763
2024-09-07 01:00;4.595
2024-09-07 02:00;4.634
2024-09-07 03:00;4.748
2024-09-07 04:00;4.778
2024-09-07 05:00;4.851
2024-09-07 06:00;4.893
2024-09-07 07:00;4.896
2024-09-07 08:00;4.992
2024-09-07 09:00;5.051
2024-09-07 10:00;5.150
2024-09-07 11:00;5.219
2024-09-07 12:00;5.360
2024-09-07 13:00;5.285
2024-09-07 14:00;5.409
2024-09-07 15:00;5.362
2024-09-07 16:00;5.351
2024-09-07 17:00;5.631
2024-09-07 18:00;5.439
2024-09-07 19:00;5.294
2024-09-07 20:00;5.175
2024-09-07 21:00;5.094
2024-09-07 22:00;4.970
2024-09-07 23:00;4.876
2024-09-08 00:00;4.861
2024-09-08 01:00;4.795
2024-09-08 02:00;4.729
2024-09-08 03:00;4.650
2024-09-08 04:00;4.765
2024-09-08 05:00;4.747
2024-09-08 06:00;4.905
2024-09-08 07:00;4.961
2024-09-08 08:00;4.833
2024-09-08 09:00;4.987
2024-09-08 10:00;5.056
2024-09-08 11:00;5.067
2024-09-08 12:00;4.995
2024-09-08 13:00;5.044
2024-09-08 14:00;5.000
2024-09-08 15:00;5.025
2024-09-08 16:00;5.077
2024-09-08 17:00;5.347
2024-09-08 18:00;5.118
2024-09-08 19:00;4.964
2024-09-08 20:00;4.904
2024-09-08 21:00;4.840
2024-09-08 22:00;4.838
2024-09-08 23:00;4.805
2024-09-09 00:00;5.297
2024-09-09 01:00;5.442
2024-09-09 02:00;5.359
2024-09-09 03:00;5.373
2024-09-09 04:00;5.353
2024-09-09 05:00;5.476
2024-09-09 06:00;5.542
2024-09-09 07:00;5.575
2024-09-09 08:00;5.559
2024-09-09 09:00;5.666
2024-09-09 10:00;5.691
2024-09-09 11:00;5.772
2024-09-09 12:00;5.869
2024-09-09 13:00;5.858
2024-09-09 14:00;5.905
2024-09-09 15:00;5.888
2024-09-09 16:00;5.802
2024-09-09 17:00;5.965
2024-09-09 18:00;5.737
2024-09-09 19:00;5.686
2024-09-09 20:00;5.635
2024-09-09 21:00;5.656
2024-09-09 22:00;5.619
2024-09-09 23:00;5.591
2024-09-10 00:00;5.537
2024-09-10 01:00;5.811
2024-09-10 02:00;5.818
2024-09-10 03:00;5.831
2024-09-10 04:00;5.717
2024-09-10 05:00;5.793
2024-09-10 06:00;5.814
2024-09-10 07:00;5.964
2024-09-10 08:00;6.153
2024-09-10 09:00;6.340
2024-09-10 10:00;6.617
2024-09-10 11:00;6.858
2024-09-10 12:00;6.861
2024-09-10 13:00;6.882
2024-09-10 14:00;6.882
2024-09-10 15:00;6.850
2024-09-10 16:00;6.669
2024-09-10 17:00;6.646
2024-09-10 18:00;6.621
2024-09-10 19:00;6.799
2024-09-10 20:00;7.075
2024-09-10 21:00;7.169
2024-09-10 22:00;7.074
2024-09-10 23:00;6.940
2024-09-11 00:00;6.681
2024-09-11 01:00;6.695
2024-09-11 02:00;6.832
2024-09-11 03:00;6.800
2024-09-11 04:00;6.915
2024-09-11 05:00;7.132
2024-09-11 06:00;7.370
2024-09-11 07:00;7.484
2024-09-11 08:00;7.393
2024-09-11 09:00;7.377
2024-09-11 10:00;7.301
2024-09-11 11:00;7.379
2024-09-11 12:00;7.611
2024-09-11 13:00;7.766
2024-09-11 14:00;7.966
2024-09-11 15:00;8.065
2024-09-11 16:00;8.146
2024-09-11 17:00;8.012
2024-09-11 18:00;8.257
2024-09-11 19:00;8.382
2024-09-11 20:00;8.243
2024-09-11 21:00;8.134
2024-09-11 22:00;7.980
2024-09-11 23:00;8.081
2024-09-12 00:00;8.103
2024-09-12 01:00;8.128
2024-09-12 02:00;8.032
2024-09-12 03:00;7.994
2024-09-12 04:00;8.055
2024-09-12 05:00;8.302
2024-09-12 06:00;8.469
2024-09-12 07:00;8.216
2024-09-12 08:00;8.122
2024-09-12 09:00;8.284
2024-09-12 10:00;8.350
2024-09-12 11:00;8.678
2024-09-12 12:00;8.723
2024-09-12 13:00;8.675
2024-09-12 14:00;8.593
2024-09-12 15:00;8.479
2024-09-12 16:00;8.223
2024-09-12 17:00;8.346
2024-09-12 18:00;8.541
2024-09-12 19:00;8.456
2024-09-12 20:00;8.550
2024-09-12 21:00;8.517
2024-09-12 22:00;8.263
2024-09-12 23:00;8.112
2024-09-13 00:00;8.049
2024-09-13 01:00;8.112
2024-09-13 02:00;8.004
2024-09-13 03:00;7.992
2024-09-13 04:00;8.222
2024-09-13 05:00;8.689
2024-09-13 06:00;9.104
2024-09-13 07:00;9.089
2024-09-13 08:00;8.710
2024-09-13 09:00;8.605
2024-09-13 10:00;8.844
2024-09-13 11:00;8.947
2024-09-13 12:00;9.073
2024-09-13 13:00;9.190
2024-09-13 14:00;9.152
2024-09-13 15:00;9.081
2024-09-13 16:00;9.086
2024-09-13 17:00;9.175
2024-09-13 18:00;9.114
2024-09-13 19:00;8.997
2024-09-13 20:00;8.783
2024-09-13 21:00;8.742
2024-09-13 22:00;8.770
2024-09-13 23:00;8.735
2024-09-14 00:00;8.074
2024-09-14 01:00;7.987
2024-09-14 02:00;7.975
2024-09-14 03:00;8.071
2024-09-14 04:00;8.285
2024-09-14 05:00;8.381
2024-09-14 06:00;8.393
2024-09-14 07:00;8.378
2024-09-14 08:00;8.426
2024-09-14 09:00;8.511
2024-09-14 10:00;8.358
2024-09-14 11:00;8.330
2024-09-14 12:00;8.458
2024-09-14 13:00;8.525
2024-09-14 14:00;8.618
2024-09-14 15:00;8.724
2024-09-14 16:00;8.711
2024-09-14 17:00;8.646
2024-09-14 18:00;8.505
2024-09-14 19:00;8.439
2024-09-14 20:00;8.440
2024-09-14 21:00;8.417
2024-09-14 22:00;8.553
2024-09-14 23:00;8.444
2024-09-15 00:00;8.456
2024-09-15 01:00;8.355
2024-09-15 02:00;8.303
2024-09-15 03:00;8.324
2024-09-15 04:00;8.372
2024-09-15 05:00;8.687
2024-09-15 06:00;8.977
2024-09-15 07:00;9.117
2024-09-15 08:00;9.117
2024-09-15 09:00;9.058
2024-09-15 10:00;9.025
2024-09-15 11:00;8.977
2024-09-15 12:00;8.892
2024-09-15 13:00;8.758
2024-09-15 14:00;8.702
2024-09-15 15:00;8.844
2024-09-15 16:00;8.809
2024-09-15 17:00;8.813
2024-09-15 18:00;8.683
2024-09-15 19:00;8.498
2024-09-15 20:00;8.443
2024-09-15 21:00;8.249
2024-09-15 22:00;8.133
2024-09-15 23:00;8.045
2024-09-16 00:00;8.443
2024-09-16 01:00;8.360
2024-09-16 02:00;8.270
2024-09-16 03:00;8.394
2024-09-16 04:00;8.461
2024-09-16 05:00;8.486
2024-09-16 06:00;8.639
2024-09-16 07:00;8.665
2024-09-16 08:00;8.623
2024-09-16 09:00;8.612
2024-09-16 10:00;8.303
2024-09-16 11:00;8.171
2024-09-16 12:00;8.143
2024-09-16 13:00;8.303
2024-09-16 14:00;8.257
2024-09-16 15:00;8.234
2024-09-16 16:00;8.207
2024-09-16 17:00;8.141
2024-09-16 18:00;8.145
2024-09-16 19:00;8.016
2024-09-16 20:00;7.832
2024-09-16 21:00;7.652
2024-09-16 22:00;7.564
2024-09-16 23:00;7.726
2024-09-17 00:00;7.685
2024-09-17 01:00;7.660
2024-09-17 02:00;7.650
2024-09-17 03:00;7.608
2024-09-17 04:00;7.740
2024-09-17 05:00;7.856
2024-09-17 06:00;8.143
2024-09-17 07:00;8.114
2024-09-17 08:00;8.319
2024-09-17 09:00;8.374
2024-09-17 10:00;8.352
2024-09-17 11:00;8.079
2024-09-17 12:00;8.147
2024-09-17 13:00;8.176
2024-09-17 14:00;8.058
2024-09-17 15:00;8.106
2024-09-17 16:00;8.034
2024-09-17 17:00;8.106
2024-09-17 18:00;8.135
2024-09-17 19:00;7.882
2024-09-17 20:00;7.722
2024-09-17 21:00;7.651
2024-09-17 22:00;7.426
2024-09-17 23:00;7.270
2024-09-18 00:00;7.247
2024-09-18 01:00;7.219
2024-09-18 02:00;7.253
2024-09-18 03:00;7.311
2024-09-18 04:00;7.381
2024-09-18 05:00;7.441
2024-09-18 06:00;7.425
2024-09-18 07:00;7.459
2024-09-18 08:00;7.394
2024-09-18 09:00;7.447
2024-09-18 10:00;7.471
2024-09-18 11:00;7.706
2024-09-18 12:00;7.877
2024-09-18 13:00;7.976
2024-09-18 14:00;8.031
2024-09-18 15:00;7.967
2024-09-18 16:00;7.899
2024-09-18 17:00;7.868
2024-09-18 18:00;7.805
2024-09-18 19:00;7.754
2024-09-18 20:00;7.728
2024-09-18 21:00;7.672
2024-09-18 22:00;7.653
2024-09-18 23:00;7.650
2024-09-19 00:00;7.414
2024-09-19 01:00;7.368
2024-09-19 02:00;7.449
2024-09-19 03:00;7.512
2024-09-19 04:00;7.618
2024-09-19 05:00;7.697
2024-09-19 06:00;7.599
2024-09-19 07:00;7.790
2024-09-19 08:00;7.855
2024-09-19 09:00;7.842
2024-09-19 10:00;7.863
2024-09-19 11:00;7.854
2024-09-19 12:00;8.007
2024-09-19 13:00;8.077
2024-09-19 14:00;8.239
2024-09-19 15:00;7.946
2024-09-19 16:00;7.887
2024-09-19 17:00;7.815
2024-09-19 18:00;7.867
2024-09-19 19:00;7.793
2024-09-19 20:00;7.888
2024-09-19 21:00;7.870
2024-09-19 22:00;7.638
2024-09-19 23:00;7.649
2024-09-20 00:00;7.507
2024-09-20 01:00;7.097
2024-09-20 02:00;7.060
2024-09-20 03:00;7.079
2024-09-20 04:00;7.244
2024-09-20 05:00;7.255
2024-09-20 06:00;7.395
2024-09-20 07:00;7.406
2024-09-20 08:00;7.347
2024-09-20 09:00;7.191
2024-09-20 10:00;7.198
2024-09-20 11:00;7.199
2024-09-20 12:00;7.222
2024-09-20 13:00;7.235
2024-09-20 14:00;7.322
2024-09-20 15:00;7.333
2024-09-20 16:00;7.346
2024-09-20 17:00;7.275
2024-09-20 18:00;7.441
2024-09-20 19:00;7.141
2024-09-20 20:00;6.973
2024-09-20 21:00;6.859
2024-09-20 22:00;6.793
2024-09-20 23:00;6.750
2024-09-21 00:00;6.143
2024-09-21 01:00;6.061
2024-09-21 02:00;6.049
2024-09-21 03:00;6.124
2024-09-21 04:00;6.220
2024-09-21 05:00;6.337
2024-09-21 06:00;6.295
2024-09-21 07:00;6.369
2024-09-21 08:00;6.506
2024-09-21 09:00;6.638
2024-09-21 10:00;6.567
2024-09-21 11:00;6.742
2024-09-21 12:00;6.661
2024-09-21 13:00;6.785
2024-09-21 14:00;6.695
2024-09-21 15:00;6.631
2024-09-21 16:00;6.642
2024-09-21 17:00;6.686
2024-09-21 18:00;6.469
2024-09-21 19:00;6.374
2024-09-21 20:00;6.462
2024-09-21 21:00;6.318
2024-09-21 22:00;6.200
2024-09-21 23:00;6.155
2024-09-22 00:00;5.963
2024-09-22 01:00;5.860
2024-09-22 02:00;5.842
2024-09-22 03:00;5.937
2024-09-22 04:00;6.114
2024-09-22 05:00;6.249
2024-09-22 06:00;6.320
2024-09-22 07:00;6.380
2024-09-22 08:00;6.377
2024-09-22 09:00;6.351
2024-09-22 10:00;6.406
2024-09-22 11:00;6.424
2024-09-22 12:00;6.446
2024-09-22 13:00;6.567
2024-09-22 14:00;6.704
2024-09-22 15:00;6.741
2024-09-22 16:00;6.695
2024-09-22 17:00;6.610
2024-09-22 18:00;6.532
2024-09-22 19:00;6.560
2024-09-22 20:00;6.590
2024-09-22 21:00;6.483
2024-09-22 22:00;6.532
2024-09-22 23:00;6.453
2024-09-23 00:00;6.870
2024-09-23 01:00;6.937
2024-09-23 02:00;6.837
2024-09-23 03:00;6.888
2024-09-23 04:00;6.994
2024-09-23 05:00;7.201
2024-09-23 06:00;7.325
2024-09-23 07:00;7.530
2024-09-23 08:00;7.689
2024-09-23 09:00;7.625
2024-09-23 10:00;7.413
2024-09-23 11:00;7.199
2024-09-23 12:00;7.338
2024-09-23 13:00;7.250
2024-09-23 14:00;7.221
2024-09-23 15:00;7.260
2024-09-23 16:00;7.330
2024-09-23 17:00;7.342
2024-09-23 18:00;7.206
2024-09-23 19:00;7.157
2024-09-23 20:00;7.069
2024-09-23 21:00;6.828
2024-09-23 22:00;6.569
2024-09-23 23:00;6.472
2024-09-24 00:00;6.424
2024-09-24 01:00;6.485
2024-09-24 02:00;6.473
2024-09-24 03:00;6.613
2024-09-24 04:00;6.602
2024-09-24 05:00;6.730
2024-09-24 06:00;6.839
2024-09-24 07:00;7.065
2024-09-24 08:00;6.963
2024-09-24 09:00;6.934
2024-09-24 10:00;6.963
2024-09-24 11:00;7.023
2024-09-24 12:00;7.315
2024-09-24 13:00;7.434
2024-09-24 14:00;7.581
2024-09-24 15:00;7.507
2024-09-24 16:00;7.373
2024-09-24 17:00;7.390
2024-09-24 18:00;7.290
2024-09-24 19:00;7.142
2024-09-24 20:00;7.037
2024-09-24 21:00;7.057
2024-09-24 22:00;7.164
2024-09-24 23:00;7.364
2024-09-25 00:00;7.420
2024-09-25 01:00;7.195
2024-09-25 02:00;7.061
2024-09-25 03:00;7.001
2024-09-25 04:00;7.161
2024-09-25 05:00;7.384
2024-09-25 06:00;7.820
2024-09-25 07:00;8.155
2024-09-25 08:00;8.300
2024-09-25 09:00;8.438
2024-09-25 10:00;8.464
2024-09-25 11:00;8.313
2024-09-25 12:00;8.292
2024-09-25 13:00;8.218
2024-09-25 14:00;8.267
2024-09-25 15:00;8.438
2024-09-25 16:00;8.618
2024-09-25 17:00;8.708
2024-09-25 18:00;8.721
2024-09-25 19:00;8.590
2024-09-25 20:00;8.427
2024-09-25 21:00;8.276
2024-09-25 22:00;7.876
2024-09-25 23:00;7.746
2024-09-26 00:00;7.776
2024-09-26 01:00;7.949
2024-09-26 02:00;8.201
2024-09-26 03:00;8.198
2024-09-26 04:00;8.215
2024-09-26 05:00;8.412
2024-09-26 06:00;8.524
2024-09-26 07:00;8.577
2024-09-26 08:00;8.654
2024-09-26 09:00;8.806
2024-09-26 10:00;9.013
2024-09-26 11:00;9.223
2024-09-26 12:00;9.356
2024-09-26 13:00;9.476
2024-09-26 14:00;9.419
2024-09-26 15:00;9.476
2024-09-26 16:00;9.792
2024-09-26 17:00;9.164
2024-09-26 18:00;9.026
2024-09-26 19:00;8.981
2024-09-26 20:00;8.982
2024-09-26 21:00;9.242
2024-09-26 22:00;9.058
2024-09-26 23:00;9.014
2024-09-27 00:00;9.056
2024-09-27 01:00;8.991
2024-09-27 02:00;9.035
2024-09-27 03:00;9.095
2024-09-27 04:00;9.133
2024-09-27 05:00;9.042
2024-09-27 06:00;9.158
2024-09-27 07:00;9.393
2024-09-27 08:00;9.540
2024-09-27 09:00;9.654
2024-09-27 10:00;9.593
2024-09-27 11:00;9.786
2024-09-27 12:00;9.804
2024-09-27 13:00;9.870
2024-09-27 14:00;9.870
2024-09-27 15:00;9.852
2024-09-27 16:00;9.885
2024-09-27 17:00;9.883
2024-09-27 18:00;9.954
2024-09-27 19:00;10.194
2024-09-27 20:00;10.098
2024-09-27 21:00;10.077
2024-09-27 22:00;10.093
2024-09-27 23:00;10.140
2024-09-28 00:00;9.540
2024-09-28 01:00;9.441
2024-09-28 02:00;9.386
2024-09-28 03:00;9.403
2024-09-28 04:00;9.613
2024-09-28 05:00;9.750
2024-09-28 06:00;10.052
2024-09-28 07:00;10.073
2024-09-28 08:00;10.387
2024-09-28 09:00;10.376
2024-09-28 10:00;10.401
2024-09-28 11:00;10.416
2024-09-28 12:00;10.561
2024-09-28 13:00;10.721
2024-09-28 14:00;11.072
2024-09-28 15:00;11.035
2024-09-28 16:00;11.123
2024-09-28 17:00;11.171
2024-09-28 18:00;11.068
2024-09-28 19:00;11.108
2024-09-28 20:00;11.119
2024-09-28 21:00;11.243
2024-09-28 22:00;11.305
2024-09-28 23:00;10.994
2024-09-29 00:00;10.969
2024-09-29 01:00;10.798
2024-09-29 02:00;10.709
2024-09-29 03:00;10.609
2024-09-29 04:00;10.659
2024-09-29 05:00;10.692
2024-09-29 06:00;10.986
2024-09-29 07:00;11.103
2024-09-29 08:00;11.334
2024-09-29 09:00;11.455
2024-09-29 10:00;11.153
2024-09-29 11:00;11.007
2024-09-29 12:00;10.798
2024-09-29 13:00;10.749
2024-09-29 14:00;10.777
2024-09-29 15:00;10.805
2024-09-29 16:00;10.936
2024-09-29 17:00;11.121
2024-09-29 18:00;11.377
2024-09-29 19:00;11.379
2024-09-29 20:00;11.284
2024-09-29 21:00;11.014
2024-09-29 22:00;10.682
2024-09-29 23:00;10.559
2024-09-30 00:00;10.981
2024-09-30 01:00;11.084
2024-09-30 02:00;11.215
2024-09-30 03:00;11.398
2024-09-30 04:00;11.646
2024-09-30 05:00;11.798
2024-09-30 06:00;12.111
2024-09-30 07:00;11.998
2024-09-30 08:00;11.925
2024-09-30 09:00;11.746
2024-09-30 10:00;11.650
2024-09-30 11:00;11.334
2024-09-30 12:00;11.560
2024-09-30 13:00;11.478
2024-09-30 14:00;11.465
2024-09-30 15:00;11.420
2024-09-30 16:00;11.558
2024-09-30 17:00;11.550
2024-09-30 18:00;11.693
2024-09-30 19:00;11.589
2024-09-30 20:00;11.400
2024-09-30 21:00;11.277
2024-09-30 22:00;11.128
2024-09-30 23:00;11.139
2024-10-01 00:00;11.137
2024-10-01 01:00;11.299
2024-10-01 02:00;11.399
2024-10-01 03:00;11.539
2024-10-01 04:00;11.848
2024-10-01 05:00;12.556
2024-10-01 06:00;13.050
2024-10-01 07:00;12.814
2024-10-01 08:00;12.832
2024-10-01 09:00;12.871
2024-10-01 10:00;12.982
2024-10-01 11:00;12.958
2024-10-01 12:00;12.849
2024-10-01 13:00;12.801
2024-10-01 14:00;13.183
2024-10-01 15:00;13.281
2024-10-01 16:00;13.327
2024-10-01 17:00;13.270
2024-10-01 18:00;13.063
2024-10-01 19:00;12.831
2024-10-01 20:00;12.445
2024-10-01 21:00;12.341
2024-10-01 22:00;12.403
2024-10-01 23:00;12.319
2024-10-02 00:00;12.213
2024-10-02 01:00;11.980
2024-10-02 02:00;12.130
2024-10-02 03:00;12.018
2024-10-02 04:00;12.150
2024-10-02 05:00;12.350
2024-10-02 06:00;12.439
2024-10-02 07:00;12.439
2024-10-02 08:00;12.726
2024-10-02 09:00;12.928
2024-10-02 10:00;13.018
2024-10-02 11:00;12.887
2024-10-02 12:00;12.920
2024-10-02 13:00;12.904
2024-10-02 14:00;12.796
2024-10-02 15:00;12.855
2024-10-02 16:00;13.012
2024-10-02 17:00;13.025
2024-10-02 18:00;13.161
2024-10-02 19:00;13.365
2024-10-02 20:00;13.329
2024-10-02 21:00;13.046
2024-10-02 22:00;12.997
2024-10-02 23:00;13.012
2024-10-03 00:00;12.664
2024-10-03 01:00;12.488
2024-10-03 02:00;12.501
2024-10-03 03:00;12.688
2024-10-03 04:00;12.673
2024-10-03 05:00;12.829
2024-10-03 06:00;13.142
2024-10-03 07:00;13.149
2024-10-03 08:00;13.218
2024-10-03 09:00;13.295
2024-10-03 10:00;13.067
2024-10-03 11:00;12.700
2024-10-03 12:00;12.774
2024-10-03 13:00;12.766
2024-10-03 14:00;12.801
2024-10-03 15:00;12.767
2024-10-03 16:00;12.843
2024-10-03 17:00;13.096
2024-10-03 18:00;12.932
2024-10-03 19:00;12.961
2024-10-03 20:00;12.942
2024-10-03 21:00;12.876
2024-10-03 22:00;12.647
2024-10-03 23:00;12.639
2024-10-04 00:00;12.526
2024-10-04 01:00;12.401
2024-10-04 02:00;12.378
2024-10-04 03:00;12.557
2024-10-04 04:00;12.546
2024-10-04 05:00;12.675
2024-10-04 06:00;13.112
2024-10-04 07:00;13.299
2024-10-04 08:00;13.351
2024-10-04 09:00;13.446
2024-10-04 10:00;12.794
2024-10-04 11:00;12.610
2024-10-04 12:00;12.588
2024-10-04 13:00;12.782
2024-10-04 14:00;12.827
2024-10-04 15:00;13.007
2024-10-04 16:00;13.058
2024-10-04 17:00;13.030
2024-10-04 18:00;12.989
2024-10-04 19:00;13.078
2024-10-04 20:00;13.043
2024-10-04 21:00;12.665
2024-10-04 22:00;12.412
2024-10-04 23:00;12.194
2024-10-05 00:00;11.597
2024-10-05 01:00;11.589
2024-10-05 02:00;11.799
2024-10-05 03:00;12.004
2024-10-05 04:00;12.163
2024-10-05 05:00;12.189
2024-10-05 06:00;12.619
2024-10-05 07:00;12.862
2024-10-05 08:00;12.928
2024-10-05 09:00;13.014
2024-10-05 10:00;12.670
2024-10-05 11:00;12.244
2024-10-05 12:00;12.240
2024-10-05 13:00;12.389
2024-10-05 14:00;12.603
2024-10-05 15:00;12.627
2024-10-05 16:00;12.509
2024-10-05 17:00;12.417
2024-10-05 18:00;12.505
2024-10-05 19:00;12.585
2024-10-05 20:00;12.465
2024-10-05 21:00;12.280
2024-10-05 22:00;12.077
2024-10-05 23:00;11.855
2024-10-06 00:00;11.699
2024-10-06 01:00;11.812
2024-10-06 02:00;11.879
2024-10-06 03:00;11.950
2024-10-06 04:00;11.974
2024-10-06 05:00;12.153
2024-10-06 06:00;12.426
2024-10-06 07:00;12.584
2024-10-06 08:00;12.574
2024-10-06 09:00;12.559
2024-10-06 10:00;12.266
2024-10-06 11:00;12.220
2024-10-06 12:00;12.292
2024-10-06 13:00;12.247
2024-10-06 14:00;12.228
2024-10-06 15:00;12.358
2024-10-06 16:00;12.566
2024-10-06 17:00;12.653
2024-10-06 18:00;12.792
2024-10-06 19:00;12.698
2024-10-06 20:00;12.440
2024-10-06 21:00;12.237
2024-10-06 22:00;12.042
2024-10-06 23:00;11.932
2024-10-07 00:00;12.310
2024-10-07 01:00;12.404
2024-10-07 02:00;12.633
2024-10-07 03:00;12.903
2024-10-07 04:00;13.097
2024-10-07 05:00;13.304
2024-10-07 06:00;13.612
2024-10-07 07:00;13.748
2024-10-07 08:00;13.883
2024-10-07 09:00;14.017
2024-10-07 10:00;14.004
2024-10-07 11:00;14.057
2024-10-07 12:00;14.238
2024-10-07 13:00;14.310
2024-10-07 14:00;14.436
2024-10-07 15:00;14.556
2024-10-07 16:00;14.127
2024-10-07 17:00;14.008
2024-10-07 18:00;13.980
2024-10-07 19:00;14.044
2024-10-07 20:00;14.091
2024-10-07 21:00;13.937
2024-10-07 22:00;13.536
2024-10-07 23:00;13.339
2024-10-08 00:00;13.239
2024-10-08 01:00;13.157
2024-10-08 02:00;13.168
2024-10-08 03:00;13.166
2024-10-08 04:00;13.029
2024-10-08 05:00;13.157
2024-10-08 06:00;13.305
2024-10-08 07:00;13.575
2024-10-08 08:00;13.325
2024-10-08 09:00;13.330
2024-10-08 10:00;13.228
2024-10-08 11:00;13.179
2024-10-08 12:00;13.091
2024-10-08 13:00;13.037
2024-10-08 14:00;12.921
2024-10-08 15:00;12.859
2024-10-08 16:00;12.784
2024-10-08 17:00;13.013
2024-10-08 18:00;13.062
2024-10-08 19:00;13.028
2024-10-08 20:00;12.830
2024-10-08 21:00;12.673
2024-10-08 22:00;12.401
2024-10-08 23:00;12.008
2024-10-09 00:00;12.002
2024-10-09 01:00;11.976
2024-10-09 02:00;11.749
2024-10-09 03:00;12.060
2024-10-09 04:00;12.053
2024-10-09 05:00;12.244
2024-10-09 06:00;12.495
2024-10-09 07:00;12.338
2024-10-09 08:00;12.201
2024-10-09 09:00;12.067
2024-10-09 10:00;12.157
2024-10-09 11:00;12.224
2024-10-09 12:00;12.363
2024-10-09 13:00;12.221
2024-10-09 14:00;12.237
2024-10-09 15:00;12.191
2024-10-09 16:00;12.257
2024-10-09 17:00;12.240
2024-10-09 18:00;12.100
2024-10-09 19:00;11.933
2024-10-09 20:00;11.865
2024-10-09 21:00;11.803
2024-10-09 22:00;11.673
2024-10-09 23:00;11.513
2024-10-10 00:00;11.599
2024-10-10 01:00;11.504
2024-10-10 02:00;11.623
2024-10-10 03:00;11.620
2024-10-10 04:00;11.716
2024-10-10 05:00;11.834
2024-10-10 06:00;12.207
2024-10-10 07:00;12.394
2024-10-10 08:00;12.475
2024-10-10 09:00;12.489
2024-10-10 10:00;12.407
2024-10-10 11:00;12.561
2024-10-10 12:00;12.650
2024-10-10 13:00;12.735
2024-10-10 14:00;12.898
2024-10-10 15:00;12.896
2024-10-10 16:00;13.094
2024-10-10 17:00;13.209
2024-10-10 18:00;13.321
2024-10-10 19:00;13.500
2024-10-10 20:00;13.543
2024-10-10 21:00;13.596
2024-10-10 22:00;13.663
2024-10-10 23:00;13.713
2024-10-11 00:00;13.737
2024-10-11 01:00;13.663
2024-10-11 02:00;13.702
2024-10-11 03:00;13.454
2024-10-11 04:00;13.454
2024-10-11 05:00;13.860
2024-10-11 06:00;14.252
2024-10-11 07:00;14.386
2024-10-11 08:00;14.268
2024-10-11 09:00;14.039
2024-10-11 10:00;13.957
2024-10-11 11:00;14.037
2024-10-11 12:00;14.044
2024-10-11 13:00;14.005
2024-10-11 14:00;14.023
2024-10-11 15:00;14.017
2024-10-11 16:00;14.095
2024-10-11 17:00;14.066
2024-10-11 18:00;13.841
2024-10-11 19:00;13.627
2024-10-11 20:00;13.744
2024-10-11 21:00;13.681
2024-10-11 22:00;13.778
2024-10-11 23:00;13.783
2024-10-12 00:00;13.164
2024-10-12 01:00;13.093
2024-10-12 02:00;13.181
2024-10-12 03:00;13.156
2024-10-12 04:00;13.097
2024-10-12 05:00;13.316
2024-10-12 06:00;13.659
2024-10-12 07:00;13.992
2024-10-12 08:00;14.157
2024-10-12 09:00;14.158
2024-10-12 10:00;14.041
2024-10-12 11:00;13.816
2024-10-12 12:00;13.736
2024-10-12 13:00;13.805
2024-10-12 14:00;13.932
2024-10-12 15:00;13.940
2024-10-12 16:00;14.047
2024-10-12 17:00;14.078
2024-10-12 18:00;14.053
2024-10-12 19:00;14.018
2024-10-12 20:00;13.986
2024-10-12 21:00;13.829
2024-10-12 22:00;13.695
2024-10-12 23:00;13.604
2024-10-13 00:00;13.186
2024-10-13 01:00;13.090
2024-10-13 02:00;13.089
2024-10-13 03:00;13.155
2024-10-13 04:00;13.166
2024-10-13 05:00;13.484
2024-10-13 06:00;13.696
2024-10-13 07:00;13.928
2024-10-13 08:00;14.120
2024-10-13 09:00;14.002
2024-10-13 10:00;13.910
2024-10-13 11:00;13.747
2024-10-13 12:00;13.645
2024-10-13 13:00;13.702
2024-10-13 14:00;13.629
2024-10-13 15:00;13.594
2024-10-13 16:00;13.544
2024-10-13 17:00;13.653
2024-10-13 18:00;13.809
2024-10-13 19:00;13.996
2024-10-13 20:00;13.947
2024-10-13 21:00;13.838
2024-10-13 22:00;13.513
2024-10-13 23:00;13.267
2024-10-14 00:00;13.598
2024-10-14 01:00;13.590
2024-10-14 02:00;13.759
2024-10-14 03:00;13.899
2024-10-14 04:00;14.322
2024-10-14 05:00;14.291
2024-10-14 06:00;14.657
2024-10-14 07:00;15.064
2024-10-14 08:00;15.064
2024-10-14 09:00;14.970
2024-10-14 10:00;14.899
2024-10-14 11:00;15.131
2024-10-14 12:00;15.193
2024-10-14 13:00;15.119
2024-10-14 14:00;15.195
2024-10-14 15:00;15.263
2024-10-14 16:00;15.133
2024-10-14 17:00;15.642
2024-10-14 18:00;15.839
2024-10-14 19:00;15.883
2024-10-14 20:00;15.810
2024-10-14 21:00;15.871
2024-10-14 22:00;15.892
2024-10-14 23:00;15.641
2024-10-15 00:00;15.472
2024-10-15 01:00;15.571
2024-10-15 02:00;15.861
2024-10-15 03:00;15.897
2024-10-15 04:00;15.888
2024-10-15 05:00;16.105
2024-10-15 06:00;16.349
2024-10-15 07:00;16.694
2024-10-15 08:00;16.899
2024-10-15 09:00;16.945
2024-10-15 10:00;16.245
2024-10-15 11:00;15.874
2024-10-15 12:00;15.773
2024-10-15 13:00;15.797
2024-10-15 14:00;15.924
2024-10-15 15:00;15.983
2024-10-15 16:00;16.220
2024-10-15 17:00;16.323
2024-10-15 18:00;16.429
2024-10-15 19:00;16.171
2024-10-15 20:00;15.660
2024-10-15 21:00;15.374
2024-10-15 22:00;15.075
2024-10-15 23:00;14.834
2024-10-16 00:00;14.945
2024-10-16 01:00;15.016
2024-10-16 02:00;15.184
2024-10-16 03:00;15.240
2024-10-16 04:00;15.340
2024-10-16 05:00;15.348
2024-10-16 06:00;15.464
2024-10-16 07:00;15.675
2024-10-16 08:00;15.615
2024-10-16 09:00;15.329
2024-10-16 10:00;14.983
2024-10-16 11:00;14.966
2024-10-16 12:00;15.026
2024-10-16 13:00;15.075
2024-10-16 14:00;15.146
2024-10-16 15:00;14.697
2024-10-16 16:00;14.475
2024-10-16 17:00;14.478
2024-10-16 18:00;14.796
2024-10-16 19:00;14.724
2024-10-16 20:00;14.532
2024-10-16 21:00;14.302
2024-10-16 22:00;14.123
2024-10-16 23:00;13.706
2024-10-17 00:00;13.717
2024-10-17 01:00;13.627
2024-10-17 02:00;13.423
2024-10-17 03:00;13.365
2024-10-17 04:00;13.543
2024-10-17 05:00;13.772
2024-10-17 06:00;13.970
2024-10-17 07:00;14.060
2024-10-17 08:00;14.045
2024-10-17 09:00;13.971
2024-10-17 10:00;13.802
2024-10-17 11:00;13.625
2024-10-17 12:00;13.447
2024-10-17 13:00;13.421
2024-10-17 14:00;13.440
2024-10-17 15:00;13.156
2024-10-17 16:00;13.185
2024-10-17 17:00;13.597
2024-10-17 18:00;13.431
2024-10-17 19:00;12.744
2024-10-17 20:00;12.560
2024-10-17 21:00;12.247
2024-10-17 22:00;11.856
2024-10-17 23:00;11.706
2024-10-18 00:00;11.666
2024-10-18 01:00;11.461
2024-10-18 02:00;11.626
2024-10-18 03:00;12.058
2024-10-18 04:00;12.340
2024-10-18 05:00;11.965
2024-10-18 06:00;11.851
2024-10-18 07:00;11.911
2024-10-18 08:00;11.860
2024-10-18 09:00;11.989
2024-10-18 10:00;12.080
2024-10-18 11:00;12.260
2024-10-18 12:00;12.368
2024-10-18 13:00;12.447
2024-10-18 14:00;12.507
2024-10-18 15:00;12.416
2024-10-18 16:00;12.201
2024-10-18 17:00;12.183
2024-10-18 18:00;12.293
2024-10-18 19:00;12.003
2024-10-18 20:00;11.887
2024-10-18 21:00;11.763
2024-10-18 22:00;11.500
2024-10-18 23:00;11.336
2024-10-19 00:00;10.576
2024-10-19 01:00;10.473
2024-10-19 02:00;10.616
2024-10-19 03:00;10.766
2024-10-19 04:00;10.984
2024-10-19 05:00;11.007
2024-10-19 06:00;10.969
2024-10-19 07:00;11.179
2024-10-19 08:00;11.339
2024-10-19 09:00;11.405
2024-10-19 10:00;11.468
2024-10-19 11:00;11.422
2024-10-19 12:00;11.378
2024-10-19 13:00;11.458
2024-10-19 14:00;11.380
2024-10-19 15:00;11.549
2024-10-19 16:00;11.466
2024-10-19 17:00;11.640
2024-10-19 18:00;11.719
2024-10-19 19:00;11.525
2024-10-19 20:00;11.284
2024-10-19 21:00;11.258
2024-10-19 22:00;11.002
2024-10-19 23:00;10.814
2024-10-20 00:00;10.622
2024-10-20 01:00;10.624
2024-10-20 02:00;10.902
2024-10-20 03:00;11.118
2024-10-20 04:00;10.982
2024-10-20 05:00;10.924
2024-10-20 06:00;10.924
2024-10-20 07:00;11.156
2024-10-20 08:00;11.365
2024-10-20 09:00;11.586
2024-10-20 10:00;11.437
2024-10-20 11:00;11.511
2024-10-20 12:00;11.511
2024-10-20 13:00;11.736
2024-10-20 14:00;11.728
2024-10-20 15:00;11.533
2024-10-20 16:00;11.451
2024-10-20 17:00;11.273
2024-10-20 18:00;11.209
2024-10-20 19:00;11.287
2024-10-20 20:00;11.243
2024-10-20 21:00;11.243
2024-10-20 22:00;11.331
2024-10-20 23:00;10.995
2024-10-21 00:00;11.482
2024-10-21 01:00;11.270
2024-10-21 02:00;11.203
2024-10-21 03:00;11.253
2024-10-21 04:00;11.329
2024-10-21 05:00;11.555
2024-10-21 06:00;11.750
2024-10-21 07:00;11.908
2024-10-21 08:00;11.936
2024-10-21 09:00;11.981
2024-10-21 10:00;12.110
2024-10-21 11:00;12.138
2024-10-21 12:00;12.184
2024-10-21 13:00;12.223
2024-10-21 14:00;12.340
2024-10-21 15:00;12.553
2024-10-21 16:00;12.669
2024-10-21 17:00;12.373
2024-10-21 18:00;12.273
2024-10-21 19:00;12.503
2024-10-21 20:00;12.526
2024-10-21 21:00;12.471
2024-10-21 22:00;12.306
2024-10-21 23:00;12.223
2024-10-22 00:00;12.179
2024-10-22 01:00;12.138
2024-10-22 02:00;11.967
2024-10-22 03:00;11.938
2024-10-22 04:00;11.769
2024-10-22 05:00;11.918
2024-10-22 06:00;12.268
2024-10-22 07:00;12.462
2024-10-22 08:00;12.589
2024-10-22 09:00;12.654
2024-10-22 10:00;12.618
2024-10-22 11:00;12.509
2024-10-22 12:00;12.457
2024-10-22 13:00;12.608
2024-10-22 14:00;12.565
2024-10-22 15:00;12.585
2024-10-22 16:00;12.672
2024-10-22 17:00;12.950
2024-10-22 18:00;12.898
2024-10-22 19:00;12.703
2024-10-22 20:00;12.585
2024-10-22 21:00;12.642
2024-10-22 22:00;12.457
2024-10-22 23:00;12.109
2024-10-23 00:00;12.071
2024-10-23 01:00;12.162
2024-10-23 02:00;12.516
2024-10-23 03:00;12.777
2024-10-23 04:00;12.803
2024-10-23 05:00;12.937
2024-10-23 06:00;13.248
2024-10-23 07:00;13.308
2024-10-23 08:00;13.258
2024-10-23 09:00;13.175
2024-10-23 10:00;13.084
2024-10-23 11:00;13.254
2024-10-23 12:00;13.248
2024-10-23 13:00;13.250
2024-10-23 14:00;13.270
2024-10-23 15:00;13.238
2024-10-23 16:00;13.366
2024-10-23 17:00;13.360
2024-10-23 18:00;13.380
2024-10-23 19:00;13.189
2024-10-23 20:00;12.965
2024-10-23 21:00;12.719
2024-10-23 22:00;12.769
2024-10-23 23:00;12.649
2024-10-24 00:00;12.618
2024-10-24 01:00;12.626
2024-10-24 02:00;12.756
2024-10-24 03:00;12.743
2024-10-24 04:00;12.635
2024-10-24 05:00;12.683
2024-10-24 06:00;12.800
2024-10-24 07:00;13.014
2024-10-24 08:00;13.198
2024-10-24 09:00;13.315
2024-10-24 10:00;13.321
2024-10-24 11:00;13.469
2024-10-24 12:00;13.290
2024-10-24 13:00;13.189
2024-10-24 14:00;13.118
2024-10-24 15:00;13.149
2024-10-24 16:00;13.040
2024-10-24 17:00;13.266
2024-10-24 18:00;13.291
2024-10-24 19:00;13.338
2024-10-24 20:00;13.243
2024-10-24 21:00;13.171
2024-10-24 22:00;12.931
2024-10-24 23:00;12.731
2024-10-25 00:00;12.523
2024-10-25 01:00;12.438
2024-10-25 02:00;12.435
2024-10-25 03:00;12.462
2024-10-25 04:00;12.696
2024-10-25 05:00;12.944
2024-10-25 06:00;13.326
2024-10-25 07:00;13.076
2024-10-25 08:00;12.944
2024-10-25 09:00;13.046
2024-10-25 10:00;13.113
2024-10-25 11:00;12.827
2024-10-25 12:00;12.679
2024-10-25 13:00;12.771
2024-10-25 14:00;12.783
2024-10-25 15:00;12.742
2024-10-25 16:00;12.774
2024-10-25 17:00;12.706
2024-10-25 18:00;12.424
2024-10-25 19:00;12.113
2024-10-25 20:00;12.020
2024-10-25 21:00;12.053
2024-10-25 22:00;11.864
2024-10-25 23:00;11.854
2024-10-26 00:00;11.496
2024-10-26 01:00;11.446
2024-10-26 02:00;11.180
2024-10-26 03:00;11.187
2024-10-26 04:00;11.343
2024-10-26 05:00;11.250
2024-10-26 06:00;11.309
2024-10-26 07:00;11.612
2024-10-26 08:00;11.694
2024-10-26 09:00;12.000
2024-10-26 10:00;11.987
2024-10-26 11:00;11.924
2024-10-26 12:00;11.868
2024-10-26 13:00;11.914
2024-10-26 14:00;11.693
2024-10-26 15:00;11.682
2024-10-26 16:00;11.691
2024-10-26 17:00;11.676
2024-10-26 18:00;11.890
2024-10-26 19:00;11.987
2024-10-26 20:00;11.948
2024-10-26 21:00;11.897
2024-10-26 22:00;11.613
2024-10-26 23:00;11.150
2024-10-27 00:00;11.193
2024-10-27 01:00;11.181
2024-10-27 02:00;11.314
2024-10-27 03:00;11.441
2024-10-27 04:00;11.478
2024-10-27 05:00;11.728
2024-10-27 06:00;11.833
2024-10-27 07:00;12.032
2024-10-27 08:00;12.255
2024-10-27 09:00;12.561
2024-10-27 10:00;12.737
2024-10-27 11:00;12.669
2024-10-27 12:00;12.625
2024-10-27 13:00;12.506
2024-10-27 14:00;12.496
2024-10-27 15:00;12.838
2024-10-27 16:00;12.937
2024-10-27 17:00;13.444
2024-10-27 18:00;13.824
2024-10-27 19:00;13.874
2024-10-27 20:00;13.906
2024-10-27 21:00;13.833
2024-10-27 22:00;13.692
2024-10-27 23:00;13.186
2024-10-28 00:00;13.570
2024-10-28 01:00;13.701
2024-10-28 02:00;14.014
2024-10-28 03:00;14.087
2024-10-28 04:00;14.401
2024-10-28 05:00;14.601
2024-10-28 06:00;14.833
2024-10-28 07:00;14.812
2024-10-28 08:00;14.685
2024-10-28 09:00;14.696
2024-10-28 10:00;14.672
2024-10-28 11:00;14.555
2024-10-28 12:00;14.338
2024-10-28 13:00;14.369
2024-10-28 14:00;14.661
2024-10-28 15:00;14.773
2024-10-28 16:00;14.507
2024-10-28 17:00;14.228
2024-10-28 18:00;14.235
2024-10-28 19:00;14.097
2024-10-28 20:00;14.010
2024-10-28 21:00;13.751
2024-10-28 22:00;13.456
2024-10-28 23:00;13.027
2024-10-29 00:00;12.870
2024-10-29 01:00;12.655
2024-10-29 02:00;12.697
2024-10-29 03:00;12.767
2024-10-29 04:00;12.888
2024-10-29 05:00;13.090
2024-10-29 06:00;13.296
2024-10-29 07:00;13.399
2024-10-29 08:00;13.295
2024-10-29 09:00;12.970
2024-10-29 10:00;12.913
2024-10-29 11:00;12.956
2024-10-29 12:00;13.033
2024-10-29 13:00;13.511
2024-10-29 14:00;13.557
2024-10-29 15:00;13.281
2024-10-29 16:00;13.029
2024-10-29 17:00;13.023
2024-10-29 18:00;12.907
2024-10-29 19:00;12.790
2024-10-29 20:00;12.725
2024-10-29 21:00;12.566
2024-10-29 22:00;12.565
2024-10-29 23:00;12.400
2024-10-30 00:00;12.503
2024-10-30 01:00;12.355
2024-10-30 02:00;12.248
2024-10-30 03:00;11.973
2024-10-30 04:00;12.085
2024-10-30 05:00;12.360
2024-10-30 06:00;12.809
2024-10-30 07:00;13.111
2024-10-30 08:00;13.351
2024-10-30 09:00;13.544
2024-10-30 10:00;13.291
2024-10-30 11:00;13.087
2024-10-30 12:00;13.126
2024-10-30 13:00;13.088
2024-10-30 14:00;13.171
2024-10-30 15:00;13.336
2024-10-30 16:00;13.588
2024-10-30 17:00;13.752
2024-10-30 18:00;13.810
2024-10-30 19:00;13.750
2024-10-30 20:00;13.566
2024-10-30 21:00;13.275
2024-10-30 22:00;13.052
2024-10-30 23:00;12.972
2024-10-31 00:00;12.860
2024-10-31 01:00;12.946
2024-10-31 02:00;13.038
2024-10-31 03:00;13.027
2024-10-31 04:00;13.022
2024-10-31 05:00;13.071
2024-10-31 06:00;13.318
2024-10-31 07:00;13.524
2024-10-31 08:00;13.536
2024-10-31 09:00;13.612
2024-10-31 10:00;13.465
2024-10-31 11:00;13.455
2024-10-31 12:00;13.734
2024-10-31 13:00;14.110
2024-10-31 14:00;14.197
2024-10-31 15:00;13.845
2024-10-31 16:00;13.707
2024-10-31 17:00;13.844
2024-10-31 18:00;13.756
2024-10-31 19:00;13.354
2024-10-31 20:00;13.139
2024-10-31 21:00;13.024
2024-10-31 22:00;12.848
2024-10-31 23:00;12.778
2024-11-01 00:00;12.689
2024-11-01 01:00;12.610
2024-11-01 02:00;12.561
2024-11-01 03:00;12.522
2024-11-01 04:00;12.618
2024-11-01 05:00;12.953
2024-11-01 06:00;13.159
2024-11-01 07:00;13.273
2024-11-01 08:00;13.285
2024-11-01 09:00;13.386
2024-11-01 10:00;13.426
2024-11-01 11:00;13.365
2024-11-01 12:00;13.373
2024-11-01 13:00;13.484
2024-11-01 14:00;13.739
2024-11-01 15:00;13.861
2024-11-01 16:00;13.843
2024-11-01 17:00;13.855
2024-11-01 18:00;13.563
2024-11-01 19:00;13.647
2024-11-01 20:00;13.733
2024-11-01 21:00;13.734
2024-11-01 22:00;13.694
2024-11-01 23:00;13.626
2024-11-02 00:00;13.094
2024-11-02 01:00;13.309
2024-11-02 02:00;13.216
2024-11-02 03:00;13.239
2024-11-02 04:00;13.338
2024-11-02 05:00;13.474
2024-11-02 06:00;13.990
2024-11-02 07:00;14.686
2024-11-02 08:00;14.975
2024-11-02 09:00;15.084
2024-11-02 10:00;15.017
2024-11-02 11:00;14.803
2024-11-02 12:00;14.937
2024-11-02 13:00;15.165
2024-11-02 14:00;15.330
2024-11-02 15:00;15.401
2024-11-02 16:00;15.556
2024-11-02 17:00;15.773
2024-11-02 18:00;15.844
2024-11-02 19:00;15.891
2024-11-02 20:00;15.719
2024-11-02 21:00;15.402
2024-11-02 22:00;14.914
2024-11-02 23:00;14.939
2024-11-03 00:00;14.893
2024-11-03 01:00;14.973
2024-11-03 02:00;15.159
2024-11-03 03:00;15.163
2024-11-03 04:00;15.346
2024-11-03 05:00;15.318
2024-11-03 06:00;15.439
2024-11-03 07:00;15.437
2024-11-03 08:00;15.405
2024-11-03 09:00;15.344
2024-11-03 10:00;15.469
2024-11-03 11:00;15.364
2024-11-03 12:00;15.290
2024-11-03 13:00;15.322
2024-11-03 14:00;15.308
2024-11-03 15:00;15.350
2024-11-03 16:00;15.270
2024-11-03 17:00;15.455
2024-11-03 18:00;15.462
2024-11-03 19:00;15.154
2024-11-03 20:00;14.990
2024-11-03 21:00;14.743
2024-11-03 22:00;14.538
2024-11-03 23:00;14.326
2024-11-04 00:00;14.806
2024-11-04 01:00;14.857
2024-11-04 02:00;14.867
2024-11-04 03:00;14.919
2024-11-04 04:00;15.092
2024-11-04 05:00;15.153
2024-11-04 06:00;15.521
2024-11-04 07:00;15.526
2024-11-04 08:00;15.603
2024-11-04 09:00;15.734
2024-11-04 10:00;15.768
2024-11-04 11:00;15.945
2024-11-04 12:00;16.003
2024-11-04 13:00;16.108
2024-11-04 14:00;16.166
2024-11-04 15:00;16.094
2024-11-04 16:00;16.256
2024-11-04 17:00;16.402
2024-11-04 18:00;16.304
2024-11-04 19:00;16.251
2024-11-04 20:00;16.010
2024-11-04 21:00;15.749
2024-11-04 22:00;15.433
2024-11-04 23:00;15.399
2024-11-05 00:00;15.322
2024-11-05 01:00;15.264
2024-11-05 02:00;15.277
2024-11-05 03:00;15.513
2024-11-05 04:00;15.828
2024-11-05 05:00;16.115
2024-11-05 06:00;16.223
2024-11-05 07:00;16.278
2024-11-05 08:00;16.284
2024-11-05 09:00;16.412
2024-11-05 10:00;16.537
2024-11-05 11:00;16.740
2024-11-05 12:00;16.686
2024-11-05 13:00;16.503
2024-11-05 14:00;16.674
2024-11-05 15:00;17.049
2024-11-05 16:00;17.266
2024-11-05 17:00;17.175
2024-11-05 18:00;17.047
2024-11-05 19:00;16.728
2024-11-05 20:00;16.690
2024-11-05 21:00;16.656
2024-11-05 22:00;16.444
2024-11-05 23:00;16.253
2024-11-06 00:00;16.053
2024-11-06 01:00;16.417
2024-11-06 02:00;16.662
2024-11-06 03:00;16.807
2024-11-06 04:00;16.980
2024-11-06 05:00;17.031
2024-11-06 06:00;17.112
2024-11-06 07:00;17.422
2024-11-06 08:00;17.642
2024-11-06 09:00;18.010
2024-11-06 10:00;18.099
2024-11-06 11:00;18.037
2024-11-06 12:00;17.822
2024-11-06 13:00;17.729
2024-11-06 14:00;17.725
2024-11-06 15:00;17.726
2024-11-06 16:00;18.048
2024-11-06 17:00;18.362
2024-11-06 18:00;18.193
2024-11-06 19:00;17.922
2024-11-06 20:00;17.635
2024-11-06 21:00;17.628
2024-11-06 22:00;17.262
2024-11-06 23:00;16.821
2024-11-07 00:00;16.856
2024-11-07 01:00;17.063
2024-11-07 02:00;17.059
2024-11-07 03:00;17.194
2024-11-07 04:00;17.274
2024-11-07 05:00;17.428
2024-11-07 06:00;17.582
2024-11-07 07:00;17.841
2024-11-07 08:00;17.830
2024-11-07 09:00;17.788
2024-11-07 10:00;17.821
2024-11-07 11:00;17.846
2024-11-07 12:00;17.848
2024-11-07 13:00;17.564
2024-11-07 14:00;17.464
2024-11-07 15:00;17.826
2024-11-07 16:00;17.807
2024-11-07 17:00;17.658
2024-11-07 18:00;17.713
2024-11-07 19:00;17.376
2024-11-07 20:00;17.187
2024-11-07 21:00;17.246
2024-11-07 22:00;17.038
2024-11-07 23:00;16.479
2024-11-08 00:00;16.285
2024-11-08 01:00;16.304
2024-11-08 02:00;16.559
2024-11-08 03:00;16.611
2024-11-08 04:00;16.608
2024-11-08 05:00;16.983
2024-11-08 06:00;17.187
2024-11-08 07:00;17.363
2024-11-08 08:00;17.361
2024-11-08 09:00;17.013
2024-11-08 10:00;16.876
2024-11-08 11:00;17.344
2024-11-08 12:00;17.674
2024-11-08 13:00;17.750
2024-11-08 14:00;17.668
2024-11-08 15:00;17.750
2024-11-08 16:00;18.087
2024-11-08 17:00;18.108
2024-11-08 18:00;17.796
2024-11-08 19:00;17.420
2024-11-08 20:00;17.522
2024-11-08 21:00;17.497
2024-11-08 22:00;17.323
2024-11-08 23:00;17.255
2024-11-09 00:00;16.849
2024-11-09 01:00;16.952
2024-11-09 02:00;17.043
2024-11-09 03:00;17.088
2024-11-09 04:00;17.070
2024-11-09 05:00;17.303
2024-11-09 06:00;17.743
2024-11-09 07:00;17.919
2024-11-09 08:00;17.838
2024-11-09 09:00;17.981
2024-11-09 10:00;18.159
2024-11-09 11:00;18.583
2024-11-09 12:00;18.698
2024-11-09 13:00;18.450
2024-11-09 14:00;18.421
2024-11-09 15:00;18.362
2024-11-09 16:00;18.350
2024-11-09 17:00;18.327
2024-11-09 18:00;18.252
2024-11-09 19:00;18.364
2024-11-09 20:00;18.263
2024-11-09 21:00;18.159
2024-11-09 22:00;18.186
2024-11-09 23:00;18.107
2024-11-10 00:00;17.802
2024-11-10 01:00;17.521
2024-11-10 02:00;17.650
2024-11-10 03:00;17.638
2024-11-10 04:00;17.754
2024-11-10 05:00;18.167
2024-11-10 06:00;18.452
2024-11-10 07:00;18.678
2024-11-10 08:00;18.794
2024-11-10 09:00;18.911
2024-11-10 10:00;18.979
2024-11-10 11:00;18.907
2024-11-10 12:00;18.734
2024-11-10 13:00;18.472
2024-11-10 14:00;18.515
2024-11-10 15:00;18.479
2024-11-10 16:00;18.400
2024-11-10 17:00;18.483
2024-11-10 18:00;18.598
2024-11-10 19:00;18.360
2024-11-10 20:00;17.959
2024-11-10 21:00;17.755
2024-11-10 22:00;17.583
2024-11-10 23:00;17.453
2024-11-11 00:00;17.683
2024-11-11 01:00;17.539
2024-11-11 02:00;17.463
2024-11-11 03:00;17.502
2024-11-11 04:00;17.627
2024-11-11 05:00;18.306
2024-11-11 06:00;18.625
2024-11-11 07:00;18.547
2024-11-11 08:00;18.546
2024-11-11 09:00;18.805
2024-11-11 10:00;18.812
2024-11-11 11:00;18.756
2024-11-11 12:00;18.595
2024-11-11 13:00;18.406
2024-11-11 14:00;18.457
2024-11-11 15:00;18.705
2024-11-11 16:00;18.826
2024-11-11 17:00;18.692
2024-11-11 18:00;18.288
2024-11-11 19:00;18.118
2024-11-11 20:00;17.744
2024-11-11 21:00;17.526
2024-11-11 22:00;17.329
2024-11-11 23:00;17.145
2024-11-12 00:00;16.955
2024-11-12 01:00;16.942
2024-11-12 02:00;16.892
2024-11-12 03:00;16.986
2024-11-12 04:00;17.187
2024-11-12 05:00;17.465
2024-11-12 06:00;17.632
2024-11-12 07:00;17.552
2024-11-12 08:00;17.523
2024-11-12 09:00;17.555
2024-11-12 10:00;17.337
2024-11-12 11:00;17.186
2024-11-12 12:00;17.123
2024-11-12 13:00;17.152
2024-11-12 14:00;17.503
2024-11-12 15:00;17.742
2024-11-12 16:00;18.007
2024-11-12 17:00;18.063
2024-11-12 18:00;17.792
2024-11-12 19:00;17.561
2024-11-12 20:00;17.114
2024-11-12 21:00;17.152
2024-11-12 22:00;16.871
2024-11-12 23:00;16.969
2024-11-13 00:00;16.856
2024-11-13 01:00;16.845
2024-11-13 02:00;17.121
2024-11-13 03:00;17.380
2024-11-13 04:00;17.469
2024-11-13 05:00;17.281
2024-11-13 06:00;17.330
2024-11-13 07:00;17.550
2024-11-13 08:00;17.346
2024-11-13 09:00;17.491
2024-11-13 10:00;17.717
2024-11-13 11:00;17.609
2024-11-13 12:00;17.552
2024-11-13 13:00;17.655
2024-11-13 14:00;17.803
2024-11-13 15:00;17.909
2024-11-13 16:00;17.828
2024-11-13 17:00;17.593
2024-11-13 18:00;17.092
2024-11-13 19:00;16.970
2024-11-13 20:00;16.859
2024-11-13 21:00;16.760
2024-11-13 22:00;16.451
2024-11-13 23:00;16.430
2024-11-14 00:00;16.282
2024-11-14 01:00;16.272
2024-11-14 02:00;16.263
2024-11-14 03:00;16.199
2024-11-14 04:00;16.094
2024-11-14 05:00;15.903
2024-11-14 06:00;16.166
2024-11-14 07:00;16.308
2024-11-14 08:00;16.509
2024-11-14 09:00;16.801
2024-11-14 10:00;17.067
2024-11-14 11:00;17.084
2024-11-14 12:00;16.976
2024-11-14 13:00;17.163
2024-11-14 14:00;17.036
2024-11-14 15:00;16.905
2024-11-14 16:00;17.071
2024-11-14 17:00;17.467
2024-11-14 18:00;17.434
2024-11-14 19:00;17.433
2024-11-14 20:00;17.395
2024-11-14 21:00;17.348
2024-11-14 22:00;17.219
2024-11-14 23:00;16.845
2024-11-15 00:00;16.788
2024-11-15 01:00;16.720
2024-11-15 02:00;16.682
2024-11-15 03:00;16.875
2024-11-15 04:00;16.923
2024-11-15 05:00;17.023
2024-11-15 06:00;17.225
2024-11-15 07:00;17.362
2024-11-15 08:00;17.374
2024-11-15 09:00;17.439
2024-11-15 10:00;17.321
2024-11-15 11:00;17.245
2024-11-15 12:00;17.216
2024-11-15 13:00;17.188
2024-11-15 14:00;17.112
2024-11-15 15:00;17.002
2024-11-15 16:00;16.954
2024-11-15 17:00;16.930
2024-11-15 18:00;16.909
2024-11-15 19:00;16.959
2024-11-15 20:00;16.837
2024-11-15 21:00;16.343
2024-11-15 22:00;15.995
2024-11-15 23:00;16.104
2024-11-16 00:00;15.613
2024-11-16 01:00;15.425
2024-11-16 02:00;15.440
2024-11-16 03:00;15.569
2024-11-16 04:00;15.697
2024-11-16 05:00;16.046
2024-11-16 06:00;16.240
2024-11-16 07:00;16.314
2024-11-16 08:00;16.438
2024-11-16 09:00;16.421
2024-11-16 10:00;16.593
2024-11-16 11:00;16.807
2024-11-16 12:00;16.723
2024-11-16 13:00;16.745
2024-11-16 14:00;16.749
2024-11-16 15:00;16.819
2024-11-16 16:00;17.020
2024-11-16 17:00;16.918
2024-11-16 18:00;16.764
2024-11-16 19:00;16.721
2024-11-16 20:00;16.413
2024-11-16 21:00;16.332
2024-11-16 22:00;16.074
2024-11-16 23:00;16.045
2024-11-17 00:00;16.176
2024-11-17 01:00;16.174
2024-11-17 02:00;16.199
2024-11-17 03:00;16.344
2024-11-17 04:00;16.503
2024-11-17 05:00;17.045
2024-11-17 06:00;17.306
2024-11-17 07:00;17.502
2024-11-17 08:00;17.705
2024-11-17 09:00;17.992
2024-11-17 10:00;18.390
2024-11-17 11:00;18.460
2024-11-17 12:00;18.458
2024-11-17 13:00;18.635
2024-11-17 14:00;18.841
2024-11-17 15:00;19.051
2024-11-17 16:00;19.379
2024-11-17 17:00;19.411
2024-11-17 18:00;19.418
2024-11-17 19:00;19.641
2024-11-17 20:00;19.812
2024-11-17 21:00;19.608
2024-11-17 22:00;19.199
2024-11-17 23:00;18.802
2024-11-18 00:00;19.373
2024-11-18 01:00;19.527
2024-11-18 02:00;19.933
2024-11-18 03:00;20.437
2024-11-18 04:00;20.200
2024-11-18 05:00;19.962
2024-11-18 06:00;20.777
2024-11-18 07:00;21.373
2024-11-18 08:00;21.050
2024-11-18 09:00;20.636
2024-11-18 10:00;20.699
2024-11-18 11:00;20.819
2024-11-18 12:00;20.827
2024-11-18 13:00;20.944
2024-11-18 14:00;21.379
2024-11-18 15:00;21.753
2024-11-18 16:00;22.072
2024-11-18 17:00;21.940
2024-11-18 18:00;21.503
2024-11-18 19:00;21.356
2024-11-18 20:00;21.624
2024-11-18 21:00;21.423
2024-11-18 22:00;20.915
2024-11-18 23:00;20.870
2024-11-19 00:00;21.181
2024-11-19 01:00;21.541
2024-11-19 02:00;21.606
2024-11-19 03:00;21.257
2024-11-19 04:00;21.782
2024-11-19 05:00;22.148
2024-11-19 06:00;22.384
2024-11-19 07:00;22.570
2024-11-19 08:00;22.665
2024-11-19 09:00;22.787
2024-11-19 10:00;22.787
2024-11-19 11:00;22.664
2024-11-19 12:00;22.656
2024-11-19 13:00;22.982
2024-11-19 14:00;22.997
2024-11-19 15:00;23.156
2024-11-19 16:00;23.669
2024-11-19 17:00;23.916
2024-11-19 18:00;23.749
2024-11-19 19:00;23.510
2024-11-19 20:00;23.145
2024-11-19 21:00;22.856
2024-11-19 22:00;22.876
2024-11-19 23:00;23.077
2024-11-20 00:00;23.139
2024-11-20 01:00;22.832
2024-11-20 02:00;22.730
2024-11-20 03:00;22.837
2024-11-20 04:00;23.292
2024-11-20 05:00;23.698
2024-11-20 06:00;24.073
2024-11-20 07:00;24.384
2024-11-20 08:00;24.390
2024-11-20 09:00;24.442
2024-11-20 10:00;24.679
2024-11-20 11:00;24.334
2024-11-20 12:00;24.159
2024-11-20 13:00;24.278
2024-11-20 14:00;24.920
2024-11-20 15:00;25.157
2024-11-20 16:00;25.353
2024-11-20 17:00;25.380
2024-11-20 18:00;25.344
2024-11-20 19:00;25.172
2024-11-20 20:00;24.862
2024-11-20 21:00;24.579
2024-11-20 22:00;24.289
2024-11-20 23:00;24.109
2024-11-21 00:00;23.856
2024-11-21 01:00;23.698
2024-11-21 02:00;23.663
2024-11-21 03:00;23.707
2024-11-21 04:00;23.929
2024-11-21 05:00;23.771
2024-11-21 06:00;23.617
2024-11-21 07:00;23.506
2024-11-21 08:00;23.219
2024-11-21 09:00;22.993
2024-11-21 10:00;22.379
2024-11-21 11:00;22.183
2024-11-21 12:00;22.016
2024-11-21 13:00;21.738
2024-11-21 14:00;21.309
2024-11-21 15:00;21.008
2024-11-21 16:00;20.849
2024-11-21 17:00;20.634
2024-11-21 18:00;20.427
2024-11-21 19:00;20.201
2024-11-21 20:00;19.810
2024-11-21 21:00;19.642
2024-11-21 22:00;19.411
2024-11-21 23:00;18.757
2024-11-22 00:00;18.627
2024-11-22 01:00;18.848
2024-11-22 02:00;18.893
2024-11-22 03:00;18.952
2024-11-22 04:00;18.899
2024-11-22 05:00;18.913
2024-11-22 06:00;19.041
2024-11-22 07:00;19.318
2024-11-22 08:00;19.540
2024-11-22 09:00;19.550
2024-11-22 10:00;19.528
2024-11-22 11:00;19.575
2024-11-22 12:00;19.772
2024-11-22 13:00;20.043
2024-11-22 14:00;19.932
2024-11-22 15:00;19.787
2024-11-22 16:00;19.837
2024-11-22 17:00;19.877
2024-11-22 18:00;19.804
2024-11-22 19:00;19.967
2024-11-22 20:00;19.952
2024-11-22 21:00;19.937
2024-11-22 22:00;20.166
2024-11-22 23:00;20.105
2024-11-23 00:00;19.795
2024-11-23 01:00;19.742
2024-11-23 02:00;19.967
2024-11-23 03:00;20.420
2024-11-23 04:00;20.779
2024-11-23 05:00;21.367
2024-11-23 06:00;21.772
2024-11-23 07:00;21.919
2024-11-23 08:00;22.612
2024-11-23 09:00;23.325
2024-11-23 10:00;23.504
2024-11-23 11:00;23.451
2024-11-23 12:00;23.536
2024-11-23 13:00;23.766
2024-11-23 14:00;23.886
2024-11-23 15:00;24.242
2024-11-23 16:00;24.567
2024-11-23 17:00;24.482
2024-11-23 18:00;24.183
2024-11-23 19:00;23.749
2024-11-23 20:00;23.456
2024-11-23 21:00;23.243
2024-11-23 22:00;22.902
2024-11-23 23:00;22.673
2024-11-24 00:00;22.363
2024-11-24 01:00;22.140
2024-11-24 02:00;21.874
2024-11-24 03:00;21.612
2024-11-24 04:00;21.528
2024-11-24 05:00;21.298
2024-11-24 06:00;21.181
2024-11-24 07:00;21.336
2024-11-24 08:00;21.226
2024-11-24 09:00;21.114
2024-11-24 10:00;20.837
2024-11-24 11:00;20.692
2024-11-24 12:00;20.488
2024-11-24 13:00;20.064
2024-11-24 14:00;19.591
2024-11-24 15:00;19.419
2024-11-24 16:00;19.316
2024-11-24 17:00;19.166
2024-11-24 18:00;18.879
2024-11-24 19:00;18.576
2024-11-24 20:00;18.181
2024-11-24 21:00;17.819
2024-11-24 22:00;17.314
2024-11-24 23:00;17.189
2024-11-25 00:00;17.432
2024-11-25 01:00;17.221
2024-11-25 02:00;17.324
2024-11-25 03:00;17.199
2024-11-25 04:00;17.076
2024-11-25 05:00;17.195
2024-11-25 06:00;17.343
2024-11-25 07:00;17.616
2024-11-25 08:00;17.929
2024-11-25 09:00;18.130
2024-11-25 10:00;17.951
2024-11-25 11:00;17.519
2024-11-25 12:00;17.370
2024-11-25 13:00;17.427
2024-11-25 14:00;17.680
2024-11-25 15:00;18.200
2024-11-25 16:00;18.412
2024-11-25 17:00;18.327
2024-11-25 18:00;18.214
2024-11-25 19:00;18.153
2024-11-25 20:00;18.046
2024-11-25 21:00;18.067
2024-11-25 22:00;17.824
2024-11-25 23:00;17.637
2024-11-26 00:00;17.601
2024-11-26 01:00;17.662
2024-11-26 02:00;17.750
2024-11-26 03:00;17.927
2024-11-26 04:00;18.267
2024-11-26 05:00;18.925
2024-11-26 06:00;19.604
2024-11-26 07:00;19.355
2024-11-26 08:00;19.011
2024-11-26 09:00;19.214
2024-11-26 10:00;19.426
2024-11-26 11:00;19.657
2024-11-26 12:00;19.723
2024-11-26 13:00;19.749
2024-11-26 14:00;20.047
2024-11-26 15:00;20.547
2024-11-26 16:00;20.641
2024-11-26 17:00;20.047
2024-11-26 18:00;19.777
2024-11-26 19:00;20.074
2024-11-26 20:00;20.195
2024-11-26 21:00;20.271
2024-11-26 22:00;20.041
2024-11-26 23:00;19.992
2024-11-27 00:00;20.081
2024-11-27 01:00;20.182
2024-11-27 02:00;20.362
2024-11-27 03:00;20.413
2024-11-27 04:00;20.710
2024-11-27 05:00;20.748
2024-11-27 06:00;21.238
2024-11-27 07:00;21.724
2024-11-27 08:00;22.279
2024-11-27 09:00;21.997
2024-11-27 10:00;22.017
2024-11-27 11:00;22.234
2024-11-27 12:00;22.255
2024-11-27 13:00;21.907
2024-11-27 14:00;22.312
2024-11-27 15:00;22.461
2024-11-27 16:00;22.552
2024-11-27 17:00;22.639
2024-11-27 18:00;22.795
2024-11-27 19:00;22.780
2024-11-27 20:00;22.674
2024-11-27 21:00;22.176
2024-11-27 22:00;21.735
2024-11-27 23:00;21.288
2024-11-28 00:00;21.047
2024-11-28 01:00;21.129
2024-11-28 02:00;21.438
2024-11-28 03:00;21.651
2024-11-28 04:00;21.909
2024-11-28 05:00;22.195
2024-11-28 06:00;22.459
2024-11-28 07:00;22.687
2024-11-28 08:00;22.700
2024-11-28 09:00;22.723
2024-11-28 10:00;22.405
2024-11-28 11:00;21.922
2024-11-28 12:00;22.663
2024-11-28 13:00;22.740
2024-11-28 14:00;22.829
2024-11-28 15:00;22.829
2024-11-28 16:00;22.863
2024-11-28 17:00;22.865
2024-11-28 18:00;22.760
2024-11-28 19:00;22.531
2024-11-28 20:00;22.063
2024-11-28 21:00;21.702
2024-11-28 22:00;21.835
2024-11-28 23:00;21.672
2024-11-29 00:00;21.665
2024-11-29 01:00;21.560
2024-11-29 02:00;21.425
2024-11-29 03:00;21.225
2024-11-29 04:00;21.415
2024-11-29 05:00;21.609
2024-11-29 06:00;21.834
2024-11-29 07:00;22.303
2024-11-29 08:00;22.512
2024-11-29 09:00;22.745
2024-11-29 10:00;22.895
2024-11-29 11:00;22.845
2024-11-29 12:00;22.407
2024-11-29 13:00;22.234
2024-11-29 14:00;22.180
2024-11-29 15:00;22.578
2024-11-29 16:00;23.045
2024-11-29 17:00;23.501
2024-11-29 18:00;23.479
2024-11-29 19:00;23.056
2024-11-29 20:00;22.637
2024-11-29 21:00;22.586
2024-11-29 22:00;22.331
2024-11-29 23:00;22.706
2024-11-30 00:00;22.222
2024-11-30 01:00;22.233
2024-11-30 02:00;22.328
2024-11-30 03:00;22.406
2024-11-30 04:00;22.703
2024-11-30 05:00;22.797
2024-11-30 06:00;22.794
2024-11-30 07:00;23.078
2024-11-30 08:00;23.340
2024-11-30 09:00;23.635
2024-11-30 10:00;23.798
2024-11-30 11:00;23.944
2024-11-30 12:00;23.315
2024-11-30 13:00;23.428
2024-11-30 14:00;23.393
2024-11-30 15:00;23.297
2024-11-30 16:00;23.559
2024-11-30 17:00;23.663
2024-11-30 18:00;23.722
2024-11-30 19:00;23.619
2024-11-30 20:00;23.095
2024-11-30 21:00;22.793
2024-11-30 22:00;22.605
2024-11-30 23:00;22.106
2024-12-01 00:00;21.669
2024-12-01 01:00;21.667
2024-12-01 02:00;21.525
2024-12-01 03:00;21.584
2024-12-01 04:00;21.704
2024-12-01 05:00;21.985
2024-12-01 06:00;22.231
2024-12-01 07:00;22.268
2024-12-01 08:00;22.450
2024-12-01 09:00;22.575
2024-12-01 10:00;22.479
2024-12-01 11:00;22.235
2024-12-01 12:00;22.243
2024-12-01 13:00;21.967
2024-12-01 14:00;21.914
2024-12-01 15:00;22.239
2024-12-01 16:00;22.447
2024-12-01 17:00;22.463
2024-12-01 18:00;22.232
2024-12-01 19:00;22.122
2024-12-01 20:00;21.858
2024-12-01 21:00;21.426
2024-12-01 22:00;21.216
2024-12-01 23:00;21.141
2024-12-02 00:00;21.370
2024-12-02 01:00;21.273
2024-12-02 02:00;21.320
2024-12-02 03:00;21.480
2024-12-02 04:00;21.544
2024-12-02 05:00;21.549
2024-12-02 06:00;21.882
2024-12-02 07:00;22.118
2024-12-02 08:00;22.046
2024-12-02 09:00;21.739
2024-12-02 10:00;21.650
2024-12-02 11:00;21.474
2024-12-02 12:00;21.179
2024-12-02 13:00;21.175
2024-12-02 14:00;21.122
2024-12-02 15:00;21.079
2024-12-02 16:00;21.451
2024-12-02 17:00;21.222
2024-12-02 18:00;20.838
2024-12-02 19:00;20.542
2024-12-02 20:00;20.214
2024-12-02 21:00;20.277
2024-12-02 22:00;20.088
2024-12-02 23:00;19.918
2024-12-03 00:00;19.721
2024-12-03 01:00;19.666
2024-12-03 02:00;19.815
2024-12-03 03:00;20.056
2024-12-03 04:00;20.350
2024-12-03 05:00;20.467
2024-12-03 06:00;20.587
2024-12-03 07:00;21.072
2024-12-03 08:00;21.438
2024-12-03 09:00;21.795
2024-12-03 10:00;21.530
2024-12-03 11:00;21.370
2024-12-03 12:00;21.437
2024-12-03 13:00;21.730
2024-12-03 14:00;21.753
2024-12-03 15:00;21.949
2024-12-03 16:00;22.061
2024-12-03 17:00;22.011
2024-12-03 18:00;21.905
2024-12-03 19:00;21.819
2024-12-03 20:00;21.699
2024-12-03 21:00;21.377
2024-12-03 22:00;20.954
2024-12-03 23:00;20.553
2024-12-04 00:00;20.855
2024-12-04 01:00;20.967
2024-12-04 02:00;21.181
2024-12-04 03:00;21.385
2024-12-04 04:00;21.498
2024-12-04 05:00;21.535
2024-12-04 06:00;22.001
2024-12-04 07:00;21.600
2024-12-04 08:00;21.787
2024-12-04 09:00;22.124
2024-12-04 10:00;22.104
2024-12-04 11:00;21.991
2024-12-04 12:00;22.146
2024-12-04 13:00;22.193
2024-12-04 14:00;22.126
2024-12-04 15:00;22.276
2024-12-04 16:00;22.265
2024-12-04 17:00;22.269
2024-12-04 18:00;22.369
2024-12-04 19:00;22.346
2024-12-04 20:00;22.205
2024-12-04 21:00;21.897
2024-12-04 22:00;21.742
2024-12-04 23:00;21.744
2024-12-05 00:00;21.806
2024-12-05 01:00;21.804
2024-12-05 02:00;21.879
2024-12-05 03:00;21.917
2024-12-05 04:00;22.394
2024-12-05 05:00;22.795
2024-12-05 06:00;23.141
2024-12-05 07:00;23.500
2024-12-05 08:00;23.335
2024-12-05 09:00;23.439
2024-12-05 10:00;23.666
2024-12-05 11:00;23.370
2024-12-05 12:00;23.140
2024-12-05 13:00;23.039
2024-12-05 14:00;23.251
2024-12-05 15:00;23.721
2024-12-05 16:00;24.004
2024-12-05 17:00;23.806
2024-12-05 18:00;23.612
2024-12-05 19:00;23.163
2024-12-05 20:00;22.801
2024-12-05 21:00;22.207
2024-12-05 22:00;21.686
2024-12-05 23:00;21.745
2024-12-06 00:00;21.726
2024-12-06 01:00;21.679
2024-12-06 02:00;21.836
2024-12-06 03:00;22.115
2024-12-06 04:00;22.140
2024-12-06 05:00;22.300
2024-12-06 06:00;22.357
2024-12-06 07:00;22.220
2024-12-06 08:00;22.214
2024-12-06 09:00;22.320
2024-12-06 10:00;22.241
2024-12-06 11:00;22.304
2024-12-06 12:00;22.320
2024-12-06 13:00;22.451
2024-12-06 14:00;22.667
2024-12-06 15:00;22.572
2024-12-06 16:00;22.352
2024-12-06 17:00;22.230
2024-12-06 18:00;21.994
2024-12-06 19:00;21.971
2024-12-06 20:00;21.435
2024-12-06 21:00;21.317
2024-12-06 22:00;21.127
2024-12-06 23:00;21.032
2024-12-07 00:00;20.516
2024-12-07 01:00;20.428
2024-12-07 02:00;20.203
2024-12-07 03:00;20.302
2024-12-07 04:00;20.730
2024-12-07 05:00;21.228
2024-12-07 06:00;21.417
2024-12-07 07:00;21.348
2024-12-07 08:00;21.181
2024-12-07 09:00;21.434
2024-12-07 10:00;21.502
2024-12-07 11:00;21.237
2024-12-07 12:00;21.156
2024-12-07 13:00;21.340
2024-12-07 14:00;21.383
2024-12-07 15:00;21.548
2024-12-07 16:00;21.559
2024-12-07 17:00;21.171
2024-12-07 18:00;21.107
2024-12-07 19:00;21.022
2024-12-07 20:00;20.771
2024-12-07 21:00;20.557
2024-12-07 22:00;20.045
2024-12-07 23:00;19.956
2024-12-08 00:00;19.932
2024-12-08 01:00;19.959
2024-12-08 02:00;20.006
2024-12-08 03:00;20.098
2024-12-08 04:00;20.383
2024-12-08 05:00;20.469
2024-12-08 06:00;20.777
2024-12-08 07:00;20.937
2024-12-08 08:00;21.061
2024-12-08 09:00;21.242
2024-12-08 10:00;21.212
2024-12-08 11:00;21.338
2024-12-08 12:00;21.580
2024-12-08 13:00;21.663
2024-12-08 14:00;21.807
2024-12-08 15:00;21.877
2024-12-08 16:00;21.742
2024-12-08 17:00;21.687
2024-12-08 18:00;21.562
2024-12-08 19:00;21.327
2024-12-08 20:00;21.450
2024-12-08 21:00;21.221
2024-12-08 22:00;20.913
2024-12-08 23:00;20.986
2024-12-09 00:00;21.410
2024-12-09 01:00;21.400
2024-12-09 02:00;21.405
2024-12-09 03:00;21.411
2024-12-09 04:00;21.766
2024-12-09 05:00;22.029
2024-12-09 06:00;22.326
2024-12-09 07:00;22.700
2024-12-09 08:00;22.897
2024-12-09 09:00;23.133
2024-12-09 10:00;23.117
2024-12-09 11:00;23.045
2024-12-09 12:00;23.193
2024-12-09 13:00;23.265
2024-12-09 14:00;23.602
2024-12-09 15:00;23.335
2024-12-09 16:00;23.486
2024-12-09 17:00;23.557
2024-12-09 18:00;23.665
2024-12-09 19:00;23.661
2024-12-09 20:00;23.615
2024-12-09 21:00;23.514
2024-12-09 22:00;23.260
2024-12-09 23:00;22.851
2024-12-10 00:00;22.726
2024-12-10 01:00;22.878
2024-12-10 02:00;23.262
2024-12-10 03:00;23.618
2024-12-10 04:00;23.870
2024-12-10 05:00;23.990
2024-12-10 06:00;24.035
2024-12-10 07:00;24.395
2024-12-10 08:00;24.374
2024-12-10 09:00;24.351
2024-12-10 10:00;24.267
2024-12-10 11:00;24.263
2024-12-10 12:00;24.589
2024-12-10 13:00;24.712
2024-12-10 14:00;24.986
2024-12-10 15:00;24.950
2024-12-10 16:00;24.985
2024-12-10 17:00;24.772
2024-12-10 18:00;24.800
2024-12-10 19:00;24.433
2024-12-10 20:00;24.250
2024-12-10 21:00;24.090
2024-12-10 22:00;23.790
2024-12-10 23:00;23.587
2024-12-11 00:00;23.588
2024-12-11 01:00;23.765
2024-12-11 02:00;23.765
2024-12-11 03:00;24.058
2024-12-11 04:00;24.260
2024-12-11 05:00;24.448
2024-12-11 06:00;24.388
2024-12-11 07:00;24.416
2024-12-11 08:00;24.262
2024-12-11 09:00;24.183
2024-12-11 10:00;24.137
2024-12-11 11:00;24.481
2024-12-11 12:00;24.529
2024-12-11 13:00;24.391
2024-12-11 14:00;24.833
2024-12-11 15:00;24.610
2024-12-11 16:00;24.286
2024-12-11 17:00;24.119
2024-12-11 18:00;23.901
2024-12-11 19:00;23.695
2024-12-11 20:00;23.497
2024-12-11 21:00;23.361
2024-12-11 22:00;22.872
2024-12-11 23:00;22.399
2024-12-12 00:00;22.324
2024-12-12 01:00;22.251
2024-12-12 02:00;22.532
2024-12-12 03:00;22.462
2024-12-12 04:00;22.648
2024-12-12 05:00;22.815
2024-12-12 06:00;23.083
2024-12-12 07:00;23.221
2024-12-12 08:00;23.382
2024-12-12 09:00;23.486
2024-12-12 10:00;23.326
2024-12-12 11:00;23.244
2024-12-12 12:00;23.198
2024-12-12 13:00;23.308
2024-12-12 14:00;23.281
2024-12-12 15:00;23.739
2024-12-12 16:00;23.595
2024-12-12 17:00;23.611
2024-12-12 18:00;23.549
2024-12-12 19:00;23.246
2024-12-12 20:00;23.580
2024-12-12 21:00;22.763
2024-12-12 22:00;22.566
2024-12-12 23:00;22.655
2024-12-13 00:00;22.820
2024-12-13 01:00;22.975
2024-12-13 02:00;23.136
2024-12-13 03:00;23.216
2024-12-13 04:00;23.536
2024-12-13 05:00;24.033
2024-12-13 06:00;24.379
2024-12-13 07:00;24.554
2024-12-13 08:00;24.812
2024-12-13 09:00;24.896
2024-12-13 10:00;25.002
2024-12-13 11:00;25.101
2024-12-13 12:00;25.188
2024-12-13 13:00;25.216
2024-12-13 14:00;25.289
2024-12-13 15:00;25.233
2024-12-13 16:00;25.295
2024-12-13 17:00;25.425
2024-12-13 18:00;25.226
2024-12-13 19:00;24.859
2024-12-13 20:00;24.773
2024-12-13 21:00;24.603
2024-12-13 22:00;24.513
2024-12-13 23:00;24.447
2024-12-14 00:00;23.488
2024-12-14 01:00;23.115
2024-12-14 02:00;22.976
2024-12-14 03:00;22.843
2024-12-14 04:00;22.898
2024-12-14 05:00;22.951
2024-12-14 06:00;23.203
2024-12-14 07:00;23.463
2024-12-14 08:00;23.622
2024-12-14 09:00;23.722
2024-12-14 10:00;23.954
2024-12-14 11:00;23.953
2024-12-14 12:00;23.229
2024-12-14 13:00;23.193
2024-12-14 14:00;23.399
2024-12-14 15:00;23.337
2024-12-14 16:00;23.358
2024-12-14 17:00;23.386
2024-12-14 18:00;23.341
2024-12-14 19:00;23.059
2024-12-14 20:00;22.873
2024-12-14 21:00;22.664
2024-12-14 22:00;22.330
2024-12-14 23:00;21.946
2024-12-15 00:00;21.648
2024-12-15 01:00;21.676
2024-12-15 02:00;21.593
2024-12-15 03:00;21.399
2024-12-15 04:00;21.405
2024-12-15 05:00;21.407
2024-12-15 06:00;21.704
2024-12-15 07:00;21.572
2024-12-15 08:00;21.403
2024-12-15 09:00;21.300
2024-12-15 10:00;21.139
2024-12-15 11:00;21.012
2024-12-15 12:00;20.954
2024-12-15 13:00;20.825
2024-12-15 14:00;20.554
2024-12-15 15:00;20.464
2024-12-15 16:00;20.334
2024-12-15 17:00;20.361
2024-12-15 18:00;20.122
2024-12-15 19:00;19.715
2024-12-15 20:00;19.286
2024-12-15 21:00;19.203
2024-12-15 22:00;19.117
2024-12-15 23:00;18.890
2024-12-16 00:00;19.142
2024-12-16 01:00;19.117
2024-12-16 02:00;18.938
2024-12-16 03:00;19.063
2024-12-16 04:00;19.207
2024-12-16 05:00;19.235
2024-12-16 06:00;19.383
2024-12-16 07:00;19.647
2024-12-16 08:00;19.876
2024-12-16 09:00;20.033
2024-12-16 10:00;20.091
2024-12-16 11:00;20.041
2024-12-16 12:00;19.938
2024-12-16 13:00;19.919
2024-12-16 14:00;19.991
2024-12-16 15:00;19.962
2024-12-16 16:00;20.026
2024-12-16 17:00;20.007
2024-12-16 18:00;19.882
2024-12-16 19:00;19.718
2024-12-16 20:00;19.501
2024-12-16 21:00;19.436
2024-12-16 22:00;19.160
2024-12-16 23:00;18.570
2024-12-17 00:00;18.503
2024-12-17 01:00;18.661
2024-12-17 02:00;18.889
2024-12-17 03:00;19.073
2024-12-17 04:00;19.141
2024-12-17 05:00;19.139
2024-12-17 06:00;19.359
2024-12-17 07:00;19.517
2024-12-17 08:00;19.670
2024-12-17 09:00;19.668
2024-12-17 10:00;19.650
2024-12-17 11:00;19.610
2024-12-17 12:00;19.817
2024-12-17 13:00;20.084
2024-12-17 14:00;20.230
2024-12-17 15:00;19.894
2024-12-17 16:00;19.554
2024-12-17 17:00;19.213
2024-12-17 18:00;19.343
2024-12-17 19:00;19.629
2024-12-17 20:00;19.639
2024-12-17 21:00;19.481
2024-12-17 22:00;18.961
2024-12-17 23:00;18.821
2024-12-18 00:00;18.793
2024-12-18 01:00;18.792
2024-12-18 02:00;18.985
2024-12-18 03:00;19.001
2024-12-18 04:00;19.060
2024-12-18 05:00;19.340
2024-12-18 06:00;19.777
2024-12-18 07:00;20.115
2024-12-18 08:00;20.402
2024-12-18 09:00;20.361
2024-12-18 10:00;20.027
2024-12-18 11:00;19.853
2024-12-18 12:00;19.996
2024-12-18 13:00;20.079
2024-12-18 14:00;20.079
2024-12-18 15:00;19.861
2024-12-18 16:00;19.757
2024-12-18 17:00;19.743
2024-12-18 18:00;19.684
2024-12-18 19:00;19.529
2024-12-18 20:00;19.045
2024-12-18 21:00;18.713
2024-12-18 22:00;18.372
2024-12-18 23:00;18.181
2024-12-19 00:00;18.139
2024-12-19 01:00;17.922
2024-12-19 02:00;17.813
2024-12-19 03:00;17.943
2024-12-19 04:00;18.163
2024-12-19 05:00;18.888
2024-12-19 06:00;19.097
2024-12-19 07:00;18.992
2024-12-19 08:00;19.015
2024-12-19 09:00;19.073
2024-12-19 10:00;19.337
2024-12-19 11:00;19.673
2024-12-19 12:00;19.933
2024-12-19 13:00;19.916
2024-12-19 14:00;19.836
2024-12-19 15:00;19.631
2024-12-19 16:00;20.213
2024-12-19 17:00;20.612
2024-12-19 18:00;20.505
2024-12-19 19:00;20.255
2024-12-19 20:00;19.970
2024-12-19 21:00;19.762
2024-12-19 22:00;19.897
2024-12-19 23:00;19.674
2024-12-20 00:00;19.669
2024-12-20 01:00;19.683
2024-12-20 02:00;19.699
2024-12-20 03:00;19.820
2024-12-20 04:00;20.219
2024-12-20 05:00;20.750
2024-12-20 06:00;20.876
2024-12-20 07:00;21.215
2024-12-20 08:00;21.248
2024-12-20 09:00;21.051
2024-12-20 10:00;20.900
2024-12-20 11:00;20.916
2024-12-20 12:00;21.171
2024-12-20 13:00;21.412
2024-12-20 14:00;21.464
2024-12-20 15:00;21.900
2024-12-20 16:00;21.963
2024-12-20 17:00;21.577
2024-12-20 18:00;21.323
2024-12-20 19:00;20.883
2024-12-20 20:00;20.605
2024-12-20 21:00;20.310
2024-12-20 22:00;19.887
2024-12-20 23:00;20.225
2024-12-21 00:00;19.549
2024-12-21 01:00;19.117
2024-12-21 02:00;19.125
2024-12-21 03:00;19.188
2024-12-21 04:00;19.371
2024-12-21 05:00;19.348
2024-12-21 06:00;19.489
2024-12-21 07:00;19.664
2024-12-21 08:00;19.810
2024-12-21 09:00;19.704
2024-12-21 10:00;19.610
2024-12-21 11:00;19.508
2024-12-21 12:00;19.550
2024-12-21 13:00;19.705
2024-12-21 14:00;19.804
2024-12-21 15:00;19.910
2024-12-21 16:00;19.828
2024-12-21 17:00;19.832
2024-12-21 18:00;19.801
2024-12-21 19:00;19.489
2024-12-21 20:00;18.979
2024-12-21 21:00;18.648
2024-12-21 22:00;18.701
2024-12-21 23:00;18.804
2024-12-22 00:00;18.795
2024-12-22 01:00;18.784
2024-12-22 02:00;18.775
2024-12-22 03:00;19.043
2024-12-22 04:00;19.489
2024-12-22 05:00;19.435
2024-12-22 06:00;19.591
2024-12-22 07:00;19.718
2024-12-22 08:00;20.116
2024-12-22 09:00;20.755
2024-12-22 10:00;20.915
2024-12-22 11:00;20.541
2024-12-22 12:00;20.368
2024-12-22 13:00;20.711
2024-12-22 14:00;21.049
2024-12-22 15:00;21.104
2024-12-22 16:00;21.094
2024-12-22 17:00;20.965
2024-12-22 18:00;20.929
2024-12-22 19:00;20.774
2024-12-22 20:00;20.541
2024-12-22 21:00;20.246
2024-12-22 22:00;19.977
2024-12-22 23:00;20.059
2024-12-23 00:00;20.535
2024-12-23 01:00;20.492
2024-12-23 02:00;20.336
2024-12-23 03:00;20.154
2024-12-23 04:00;20.429
2024-12-23 05:00;21.026
2024-12-23 06:00;21.440
2024-12-23 07:00;21.467
2024-12-23 08:00;21.706
2024-12-23 09:00;22.148
2024-12-23 10:00;22.304
2024-12-23 11:00;22.039
2024-12-23 12:00;21.926
2024-12-23 13:00;21.856
2024-12-23 14:00;21.904
2024-12-23 15:00;22.515
2024-12-23 16:00;23.163
2024-12-23 17:00;23.165
2024-12-23 18:00;23.174
2024-12-23 19:00;23.282
2024-12-23 20:00;23.314
2024-12-23 21:00;22.902
2024-12-23 22:00;22.797
2024-12-23 23:00;22.632
2024-12-24 00:00;22.821
2024-12-24 01:00;22.749
2024-12-24 02:00;22.848
2024-12-24 03:00;22.971
2024-12-24 04:00;23.141
2024-12-24 05:00;23.468
2024-12-24 06:00;23.495
2024-12-24 07:00;23.407
2024-12-24 08:00;23.375
2024-12-24 09:00;23.530
2024-12-24 10:00;23.065
2024-12-24 11:00;22.663
2024-12-24 12:00;22.457
2024-12-24 13:00;22.882
2024-12-24 14:00;22.778
2024-12-24 15:00;22.587
2024-12-24 16:00;22.481
2024-12-24 17:00;22.201
2024-12-24 18:00;21.904
2024-12-24 19:00;21.886
2024-12-24 20:00;21.477
2024-12-24 21:00;21.079
2024-12-24 22:00;20.498
2024-12-24 23:00;20.282
2024-12-25 00:00;20.709
2024-12-25 01:00;20.834
2024-12-25 02:00;20.504
2024-12-25 03:00;20.358
2024-12-25 04:00;20.524
2024-12-25 05:00;21.055
2024-12-25 06:00;21.043
2024-12-25 07:00;20.973
2024-12-25 08:00;20.924
2024-12-25 09:00;20.918
2024-12-25 10:00;20.914
2024-12-25 11:00;20.805
2024-12-25 12:00;20.693
2024-12-25 13:00;20.620
2024-12-25 14:00;20.591
2024-12-25 15:00;20.584
2024-12-25 16:00;20.475
2024-12-25 17:00;20.388
2024-12-25 18:00;20.094
2024-12-25 19:00;19.961
2024-12-25 20:00;19.930
2024-12-25 21:00;19.532
2024-12-25 22:00;19.229
2024-12-25 23:00;19.173
2024-12-26 00:00;19.149
2024-12-26 01:00;19.121
2024-12-26 02:00;19.145
2024-12-26 03:00;18.996
2024-12-26 04:00;19.129
2024-12-26 05:00;19.408
2024-12-26 06:00;19.463
2024-12-26 07:00;19.626
2024-12-26 08:00;19.701
2024-12-26 09:00;19.907
2024-12-26 10:00;19.959
2024-12-26 11:00;19.929
2024-12-26 12:00;19.906
2024-12-26 13:00;20.141
2024-12-26 14:00;20.323
2024-12-26 15:00;20.459
2024-12-26 16:00;20.367
2024-12-26 17:00;20.270
2024-12-26 18:00;20.271
2024-12-26 19:00;20.216
2024-12-26 20:00;19.990
2024-12-26 21:00;19.540
2024-12-26 22:00;19.408
2024-12-26 23:00;19.419
2024-12-27 00:00;19.499
2024-12-27 01:00;19.680
2024-12-27 02:00;19.883
2024-12-27 03:00;19.664
2024-12-27 04:00;19.554
2024-12-27 05:00;19.851
2024-12-27 06:00;20.181
2024-12-27 07:00;20.380
2024-12-27 08:00;20.670
2024-12-27 09:00;21.065
2024-12-27 10:00;21.170
2024-12-27 11:00;21.214
2024-12-27 12:00;21.091
2024-12-27 13:00;21.003
2024-12-27 14:00;21.004
2024-12-27 15:00;21.148
2024-12-27 16:00;21.333
2024-12-27 17:00;21.477
2024-12-27 18:00;21.480
2024-12-27 19:00;21.095
2024-12-27 20:00;20.674
2024-12-27 21:00;20.381
2024-12-27 22:00;20.193
2024-12-27 23:00;20.206
2024-12-28 00:00;19.927
2024-12-28 01:00;20.026
2024-12-28 02:00;20.121
2024-12-28 03:00;20.200
2024-12-28 04:00;20.334
2024-12-28 05:00;20.558
2024-12-28 06:00;21.216
2024-12-28 07:00;21.519
2024-12-28 08:00;21.307
2024-12-28 09:00;21.530
2024-12-28 10:00;21.879
2024-12-28 11:00;22.197
2024-12-28 12:00;22.280
2024-12-28 13:00;22.267
2024-12-28 14:00;22.289
2024-12-28 15:00;22.279
2024-12-28 16:00;22.238
2024-12-28 17:00;22.170
2024-12-28 18:00;21.842
2024-12-28 19:00;21.342
2024-12-28 20:00;21.573
2024-12-28 21:00;21.585
2024-12-28 22:00;21.267
2024-12-28 23:00;21.007
2024-12-29 00:00;20.766
2024-12-29 01:00;20.471
2024-12-29 02:00;20.402
2024-12-29 03:00;20.373
2024-12-29 04:00;20.305
2024-12-29 05:00;20.336
2024-12-29 06:00;20.540
2024-12-29 07:00;20.505
2024-12-29 08:00;20.495
2024-12-29 09:00;20.515
2024-12-29 10:00;20.519
2024-12-29 11:00;20.514
2024-12-29 12:00;20.460
2024-12-29 13:00;20.280
2024-12-29 14:00;20.065
2024-12-29 15:00;20.139
2024-12-29 16:00;20.074
2024-12-29 17:00;20.206
2024-12-29 18:00;20.247
2024-12-29 19:00;20.132
2024-12-29 20:00;19.940
2024-12-29 21:00;19.705
2024-12-29 22:00;19.252
2024-12-29 23:00;18.903
2024-12-30 00:00;19.419
2024-12-30 01:00;19.533
2024-12-30 02:00;19.654
2024-12-30 03:00;19.876
2024-12-30 04:00;20.031
2024-12-30 05:00;20.500
2024-12-30 06:00;20.810
2024-12-30 07:00;20.697
2024-12-30 08:00;20.643
2024-12-30 09:00;20.614
2024-12-30 10:00;20.617
2024-12-30 11:00;20.588
2024-12-30 12:00;20.894
2024-12-30 13:00;21.076
2024-12-30 14:00;21.104
2024-12-30 15:00;20.926
2024-12-30 16:00;21.060
2024-12-30 17:00;21.061
2024-12-30 18:00;20.738
2024-12-30 19:00;20.234
2024-12-30 20:00;19.862
2024-12-30 21:00;19.938
2024-12-30 22:00;19.793
2024-12-30 23:00;19.472
2024-12-31 00:00;19.727
2024-12-31 01:00;20.093
2024-12-31 02:00;20.163
2024-12-31 03:00;20.343
2024-12-31 04:00;20.647
2024-12-31 05:00;20.887
2024-12-31 06:00;20.884
2024-12-31 07:00;20.973
2024-12-31 08:00;21.287
2024-12-31 09:00;21.566
2024-12-31 10:00;21.936
2024-12-31 11:00;22.138
2024-12-31 12:00;22.493
2024-12-31 13:00;22.579
2024-12-31 14:00;22.897
2024-12-31 15:00;23.247
2024-12-31 16:00;23.341
2024-12-31 17:00;22.981
2024-12-31 18:00;22.565
2024-12-31 19:00;22.391
2024-12-31 20:00;22.556
2024-12-31 21:00;22.668
2024-12-31 22:00;22.226
2024-12-31 23:00;21.861
